lighting,distance,stable_acc_mean,stable_acc_std,miss_rate_mean,miss_rate_std,wrong_rate_mean,wrong_rate_std,lat_med_ms_mean,lat_med_ms_std,lat_p95_ms_mean,lat_p95_ms_std,fps_med_mean,fps_med_std,n_trials
Bright,Far,0.781,0.021213203435596444,0.07400000000000001,0.015556349186104055,0.0415,0.009192388155425116,33.46251023795518,1.0651081929336188,56.08907951889124,0.7864294263583882,25.01848658238093,0.4353230902985155,2
Bright,Mid,0.85,0.0,0.046,0.0028284271247461927,0.0305,0.0021213203435596407,30.011509490302124,0.0661096019176491,44.02206505642592,0.6440911189789189,25.093689884072603,0.05990954605815627,2
Bright,Near,0.9025000000000001,0.010606601717798262,0.027,0.0014142135623730963,0.018000000000000002,0.004242640687119285,27.6536375448987,0.35673381456927944,39.72127869787222,0.7472250115574357,24.901949861902192,0.12079839683747623,2
Daylight,Far,0.768,0.009899494936611674,0.07899999999999999,0.009899494936611668,0.0445,0.0007071067811865482,34.951113334023105,2.0882686071596344,55.21852152919385,1.371739348960259,24.979656150058787,0.11877516598601075,2
Daylight,Mid,0.8474999999999999,0.007778174593051991,0.055,0.0,0.026000000000000002,0.0028284271247461888,31.055995616428472,0.7763037443539336,45.81689802586047,0.8606502343800218,24.90661727409672,0.25501411780392924,2
Daylight,Near,0.8805000000000001,0.0007071067811865874,0.0285,0.006363961030678929,0.0165,0.0007071067811865482,27.975890855450977,1.412385524070902,40.601395816215685,1.2821666728791408,25.054520168413532,0.10560117946728786,2
Dim,Far,0.606,0.0014142135623730963,0.159,0.007071067811865481,0.0895,0.004949747468305837,47.73202212741125,0.29145462103897735,89.38061278458986,1.1293303593323105,25.08750700299116,0.17441615221908985,2
Dim,Mid,0.6915,0.01202081528017124,0.10800000000000001,0.011313708498984765,0.07100000000000001,0.0014142135623730913,43.49510131491125,2.5453234149145905,73.51904904824758,0.5473194322109627,25.06519629393328,0.08985788924474897,2
Dim,Near,0.8115,0.002121320343559566,0.0655,0.0007071067811865482,0.0475,0.0035355339059327407,34.14112203836567,1.1994921734145207,54.22660280890322,1.8127127789109232,25.041424444233446,0.0442336002073508,2
