trial_id,t_wall,frame_idx,lighting,distance,n_users_roster,n_users_db,cam_w,cam_h,proc_fps,drained,slot_idx,true_id,track_id,detected,det_score,bbox_x1,bbox_y1,bbox_x2,bbox_y2,bbox_area,best_id,best_sim,second_id,second_sim,margin,accepted_id,stable_id,pending_id,pending_count,is_correct_accepted,is_correct_stable,is_wrong_accepted,is_miss,lat_det_ms,lat_emb_ms,lat_match_ms,lat_total_ms
Bright_Near_20260114_145957,1768420797.605940,1,Bright,Near,4,2,1920,1080,14.438572,2,0,Fatima,-1,0,-1.000000,-1,-1,-1,-1,0.000000,unknown,-1.000000,unknown,-1.000000,-1.000000,unknown,unknown,unknown,0,0,0,0,1,40.932178,0.000000,0.000000,40.932178
Bright_Near_20260114_145957,1768420797.605940,1,Bright,Near,4,2,1920,1080,14.438572,2,1,Zubair,-1,0,-1.000000,-1,-1,-1,-1,0.000000,unknown,-1.000000,unknown,-1.000000,-1.000000,unknown,unknown,unknown,0,0,0,0,1,40.932178,0.000000,0.000000,40.932178
Bright_Near_20260114_145957,1768420797.605940,1,Bright,Near,4,2,1920,1080,14.438572,2,2,Ameer,-1,0,-1.000000,-1,-1,-1,-1,0.000000,unknown,-1.000000,unknown,-1.000000,-1.000000,unknown,unknown,unknown,0,0,0,0,1,40.932178,0.000000,0.000000,40.932178
Bright_Near_20260114_145957,1768420797.605940,1,Bright,Near,4,2,1920,1080,14.438572,2,3,Sana,-1,0,-1.000000,-1,-1,-1,-1,0.000000,unknown,-1.000000,unknown,-1.000000,-1.000000,unknown,unknown,unknown,0,0,0,0,1,40.932178,0.000000,0.000000,40.932178
Bright_Near_20260114_145957,1768420797.740668,2,Bright,Near,4,2,1920,1080,7.422365,2,0,Fatima,-1,0,-1.000000,-1,-1,-1,-1,0.000000,unknown,-1.000000,unknown,-1.000000,-1.000000,unknown,unknown,unknown,0,0,0,0,1,64.491034,0.000000,0.000000,64.491034
Bright_Near_20260114_145957,1768420797.740668,2,Bright,Near,4,2,1920,1080,7.422365,2,1,Zubair,-1,0,-1.000000,-1,-1,-1,-1,0.000000,unknown,-1.000000,unknown,-1.000000,-1.000000,unknown,unknown,unknown,0,0,0,0,1,64.491034,0.000000,0.000000,64.491034
Bright_Near_20260114_145957,1768420797.740668,2,Bright,Near,4,2,1920,1080,7.422365,2,2,Ameer,-1,0,-1.000000,-1,-1,-1,-1,0.000000,unknown,-1.000000,unknown,-1.000000,-1.000000,unknown,unknown,unknown,0,0,0,0,1,64.491034,0.000000,0.000000,64.491034
Bright_Near_20260114_145957,1768420797.740668,2,Bright,Near,4,2,1920,1080,7.422365,2,3,Sana,-1,0,-1.000000,-1,-1,-1,-1,0.000000,unknown,-1.000000,unknown,-1.000000,-1.000000,unknown,unknown,unknown,0,0,0,0,1,64.491034,0.000000,0.000000,64.491034
Bright_Near_20260114_145957,1768420797.874890,3,Bright,Near,4,2,1920,1080,7.450329,2,0,Fatima,-1,0,-1.000000,-1,-1,-1,-1,0.000000,unknown,-1.000000,unknown,-1.000000,-1.000000,unknown,unknown,unknown,0,0,0,0,1,54.799080,0.000000,0.000000,54.799080
Bright_Near_20260114_145957,1768420797.874890,3,Bright,Near,4,2,1920,1080,7.450329,2,1,Zubair,-1,0,-1.000000,-1,-1,-1,-1,0.000000,unknown,-1.000000,unknown,-1.000000,-1.000000,unknown,unknown,unknown,0,0,0,0,1,54.799080,0.000000,0.000000,54.799080
Bright_Near_20260114_145957,1768420797.874890,3,Bright,Near,4,2,1920,1080,7.450329,2,2,Ameer,-1,0,-1.000000,-1,-1,-1,-1,0.000000,unknown,-1.000000,unknown,-1.000000,-1.000000,unknown,unknown,unknown,0,0,0,0,1,54.799080,0.000000,0.000000,54.799080
Bright_Near_20260114_145957,1768420797.874890,3,Bright,Near,4,2,1920,1080,7.450329,2,3,Sana,-1,0,-1.000000,-1,-1,-1,-1,0.000000,unknown,-1.000000,unknown,-1.000000,-1.000000,unknown,unknown,unknown,0,0,0,0,1,54.799080,0.000000,0.000000,54.799080
Bright_Near_20260114_145957,1768420798.008726,4,Bright,Near,4,2,1920,1080,7.471829,2,0,Fatima,-1,0,-1.000000,-1,-1,-1,-1,0.000000,unknown,-1.000000,unknown,-1.000000,-1.000000,unknown,unknown,unknown,0,0,0,0,1,51.921129,0.000000,0.000000,51.921129
Bright_Near_20260114_145957,1768420798.008726,4,Bright,Near,4,2,1920,1080,7.471829,2,1,Zubair,-1,0,-1.000000,-1,-1,-1,-1,0.000000,unknown,-1.000000,unknown,-1.000000,-1.000000,unknown,unknown,unknown,0,0,0,0,1,51.921129,0.000000,0.000000,51.921129
Bright_Near_20260114_145957,1768420798.008726,4,Bright,Near,4,2,1920,1080,7.471829,2,2,Ameer,-1,0,-1.000000,-1,-1,-1,-1,0.000000,unknown,-1.000000,unknown,-1.000000,-1.000000,unknown,unknown,unknown,0,0,0,0,1,51.921129,0.000000,0.000000,51.921129
Bright_Near_20260114_145957,1768420798.008726,4,Bright,Near,4,2,1920,1080,7.471829,2,3,Sana,-1,0,-1.000000,-1,-1,-1,-1,0.000000,unknown,-1.000000,unknown,-1.000000,-1.000000,unknown,unknown,unknown,0,0,0,0,1,51.921129,0.000000,0.000000,51.921129
Bright_Near_20260114_145957,1768420798.141911,5,Bright,Near,4,2,1920,1080,7.508358,2,0,Fatima,-1,0,-1.000000,-1,-1,-1,-1,0.000000,unknown,-1.000000,unknown,-1.000000,-1.000000,unknown,unknown,unknown,0,0,0,0,1,49.719095,0.000000,0.000000,49.719095
Bright_Near_20260114_145957,1768420798.141911,5,Bright,Near,4,2,1920,1080,7.508358,2,1,Zubair,-1,0,-1.000000,-1,-1,-1,-1,0.000000,unknown,-1.000000,unknown,-1.000000,-1.000000,unknown,unknown,unknown,0,0,0,0,1,49.719095,0.000000,0.000000,49.719095
Bright_Near_20260114_145957,1768420798.141911,5,Bright,Near,4,2,1920,1080,7.508358,2,2,Ameer,-1,0,-1.000000,-1,-1,-1,-1,0.000000,unknown,-1.000000,unknown,-1.000000,-1.000000,unknown,unknown,unknown,0,0,0,0,1,49.719095,0.000000,0.000000,49.719095
Bright_Near_20260114_145957,1768420798.141911,5,Bright,Near,4,2,1920,1080,7.508358,2,3,Sana,-1,0,-1.000000,-1,-1,-1,-1,0.000000,unknown,-1.000000,unknown,-1.000000,-1.000000,unknown,unknown,unknown,0,0,0,0,1,49.719095,0.000000,0.000000,49.719095
Bright_Near_20260114_145957,1768420798.275485,6,Bright,Near,4,2,1920,1080,7.486486,2,0,Fatima,-1,0,-1.000000,-1,-1,-1,-1,0.000000,unknown,-1.000000,unknown,-1.000000,-1.000000,unknown,unknown,unknown,0,0,0,0,1,60.152054,0.000000,0.000000,60.152054
Bright_Near_20260114_145957,1768420798.275485,6,Bright,Near,4,2,1920,1080,7.486486,2,1,Zubair,-1,0,-1.000000,-1,-1,-1,-1,0.000000,unknown,-1.000000,unknown,-1.000000,-1.000000,unknown,unknown,unknown,0,0,0,0,1,60.152054,0.000000,0.000000,60.152054
Bright_Near_20260114_145957,1768420798.275485,6,Bright,Near,4,2,1920,1080,7.486486,2,2,Ameer,-1,0,-1.000000,-1,-1,-1,-1,0.000000,unknown,-1.000000,unknown,-1.000000,-1.000000,unknown,unknown,unknown,0,0,0,0,1,60.152054,0.000000,0.000000,60.152054
Bright_Near_20260114_145957,1768420798.275485,6,Bright,Near,4,2,1920,1080,7.486486,2,3,Sana,-1,0,-1.000000,-1,-1,-1,-1,0.000000,unknown,-1.000000,unknown,-1.000000,-1.000000,unknown,unknown,unknown,0,0,0,0,1,60.152054,0.000000,0.000000,60.152054
Bright_Near_20260114_145957,1768420798.412238,7,Bright,Near,4,2,1920,1080,7.312449,2,0,Fatima,-1,0,-1.000000,-1,-1,-1,-1,0.000000,unknown,-1.000000,unknown,-1.000000,-1.000000,unknown,unknown,unknown,0,0,0,0,1,59.020996,0.000000,0.000000,59.020996
Bright_Near_20260114_145957,1768420798.412238,7,Bright,Near,4,2,1920,1080,7.312449,2,1,Zubair,-1,0,-1.000000,-1,-1,-1,-1,0.000000,unknown,-1.000000,unknown,-1.000000,-1.000000,unknown,unknown,unknown,0,0,0,0,1,59.020996,0.000000,0.000000,59.020996
Bright_Near_20260114_145957,1768420798.412238,7,Bright,Near,4,2,1920,1080,7.312449,2,2,Ameer,-1,0,-1.000000,-1,-1,-1,-1,0.000000,unknown,-1.000000,unknown,-1.000000,-1.000000,unknown,unknown,unknown,0,0,0,0,1,59.020996,0.000000,0.000000,59.020996
Bright_Near_20260114_145957,1768420798.412238,7,Bright,Near,4,2,1920,1080,7.312449,2,3,Sana,-1,0,-1.000000,-1,-1,-1,-1,0.000000,unknown,-1.000000,unknown,-1.000000,-1.000000,unknown,unknown,unknown,0,0,0,0,1,59.020996,0.000000,0.000000,59.020996
Bright_Near_20260114_145957,1768420798.548619,8,Bright,Near,4,2,1920,1080,7.332404,2,0,Fatima,-1,0,-1.000000,-1,-1,-1,-1,0.000000,unknown,-1.000000,unknown,-1.000000,-1.000000,unknown,unknown,unknown,0,0,0,0,1,75.398922,0.000000,0.000000,75.398922
Bright_Near_20260114_145957,1768420798.548619,8,Bright,Near,4,2,1920,1080,7.332404,2,1,Zubair,-1,0,-1.000000,-1,-1,-1,-1,0.000000,unknown,-1.000000,unknown,-1.000000,-1.000000,unknown,unknown,unknown,0,0,0,0,1,75.398922,0.000000,0.000000,75.398922
Bright_Near_20260114_145957,1768420798.548619,8,Bright,Near,4,2,1920,1080,7.332404,2,2,Ameer,-1,0,-1.000000,-1,-1,-1,-1,0.000000,unknown,-1.000000,unknown,-1.000000,-1.000000,unknown,unknown,unknown,0,0,0,0,1,75.398922,0.000000,0.000000,75.398922
Bright_Near_20260114_145957,1768420798.548619,8,Bright,Near,4,2,1920,1080,7.332404,2,3,Sana,-1,0,-1.000000,-1,-1,-1,-1,0.000000,unknown,-1.000000,unknown,-1.000000,-1.000000,unknown,unknown,unknown,0,0,0,0,1,75.398922,0.000000,0.000000,75.398922
Bright_Near_20260114_145957,1768420798.719475,9,Bright,Near,4,2,1920,1080,5.852882,2,0,Fatima,-1,0,-1.000000,-1,-1,-1,-1,0.000000,unknown,-1.000000,unknown,-1.000000,-1.000000,unknown,unknown,unknown,0,0,0,0,1,74.449062,0.000000,0.000000,74.449062
Bright_Near_20260114_145957,1768420798.719475,9,Bright,Near,4,2,1920,1080,5.852882,2,1,Zubair,-1,0,-1.000000,-1,-1,-1,-1,0.000000,unknown,-1.000000,unknown,-1.000000,-1.000000,unknown,unknown,unknown,0,0,0,0,1,74.449062,0.000000,0.000000,74.449062
Bright_Near_20260114_145957,1768420798.719475,9,Bright,Near,4,2,1920,1080,5.852882,2,2,Ameer,-1,0,-1.000000,-1,-1,-1,-1,0.000000,unknown,-1.000000,unknown,-1.000000,-1.000000,unknown,unknown,unknown,0,0,0,0,1,74.449062,0.000000,0.000000,74.449062
Bright_Near_20260114_145957,1768420798.719475,9,Bright,Near,4,2,1920,1080,5.852882,2,3,Sana,-1,0,-1.000000,-1,-1,-1,-1,0.000000,unknown,-1.000000,unknown,-1.000000,-1.000000,unknown,unknown,unknown,0,0,0,0,1,74.449062,0.000000,0.000000,74.449062
Bright_Near_20260114_145957,1768420798.879809,10,Bright,Near,4,2,1920,1080,6.236976,2,0,Fatima,-1,0,-1.000000,-1,-1,-1,-1,0.000000,unknown,-1.000000,unknown,-1.000000,-1.000000,unknown,unknown,unknown,0,0,0,0,1,68.289995,0.000000,0.000000,68.289995
Bright_Near_20260114_145957,1768420798.879809,10,Bright,Near,4,2,1920,1080,6.236976,2,1,Zubair,-1,0,-1.000000,-1,-1,-1,-1,0.000000,unknown,-1.000000,unknown,-1.000000,-1.000000,unknown,unknown,unknown,0,0,0,0,1,68.289995,0.000000,0.000000,68.289995
Bright_Near_20260114_145957,1768420798.879809,10,Bright,Near,4,2,1920,1080,6.236976,2,2,Ameer,-1,0,-1.000000,-1,-1,-1,-1,0.000000,unknown,-1.000000,unknown,-1.000000,-1.000000,unknown,unknown,unknown,0,0,0,0,1,68.289995,0.000000,0.000000,68.289995
Bright_Near_20260114_145957,1768420798.879809,10,Bright,Near,4,2,1920,1080,6.236976,2,3,Sana,-1,0,-1.000000,-1,-1,-1,-1,0.000000,unknown,-1.000000,unknown,-1.000000,-1.000000,unknown,unknown,unknown,0,0,0,0,1,68.289995,0.000000,0.000000,68.289995
Bright_Near_20260114_145957,1768420799.015416,11,Bright,Near,4,2,1920,1080,7.374250,2,0,Fatima,-1,0,-1.000000,-1,-1,-1,-1,0.000000,unknown,-1.000000,unknown,-1.000000,-1.000000,unknown,unknown,unknown,0,0,0,0,1,58.724880,0.000000,0.000000,58.724880
Bright_Near_20260114_145957,1768420799.015416,11,Bright,Near,4,2,1920,1080,7.374250,2,1,Zubair,-1,0,-1.000000,-1,-1,-1,-1,0.000000,unknown,-1.000000,unknown,-1.000000,-1.000000,unknown,unknown,unknown,0,0,0,0,1,58.724880,0.000000,0.000000,58.724880
Bright_Near_20260114_145957,1768420799.015416,11,Bright,Near,4,2,1920,1080,7.374250,2,2,Ameer,-1,0,-1.000000,-1,-1,-1,-1,0.000000,unknown,-1.000000,unknown,-1.000000,-1.000000,unknown,unknown,unknown,0,0,0,0,1,58.724880,0.000000,0.000000,58.724880
Bright_Near_20260114_145957,1768420799.015416,11,Bright,Near,4,2,1920,1080,7.374250,2,3,Sana,-1,0,-1.000000,-1,-1,-1,-1,0.000000,unknown,-1.000000,unknown,-1.000000,-1.000000,unknown,unknown,unknown,0,0,0,0,1,58.724880,0.000000,0.000000,58.724880
Bright_Near_20260114_145957,1768420799.151977,12,Bright,Near,4,2,1920,1080,7.322739,2,0,Fatima,-1,0,-1.000000,-1,-1,-1,-1,0.000000,unknown,-1.000000,unknown,-1.000000,-1.000000,unknown,unknown,unknown,0,0,0,0,1,60.052156,0.000000,0.000000,60.052156
Bright_Near_20260114_145957,1768420799.151977,12,Bright,Near,4,2,1920,1080,7.322739,2,1,Zubair,-1,0,-1.000000,-1,-1,-1,-1,0.000000,unknown,-1.000000,unknown,-1.000000,-1.000000,unknown,unknown,unknown,0,0,0,0,1,60.052156,0.000000,0.000000,60.052156
Bright_Near_20260114_145957,1768420799.151977,12,Bright,Near,4,2,1920,1080,7.322739,2,2,Ameer,-1,0,-1.000000,-1,-1,-1,-1,0.000000,unknown,-1.000000,unknown,-1.000000,-1.000000,unknown,unknown,unknown,0,0,0,0,1,60.052156,0.000000,0.000000,60.052156
Bright_Near_20260114_145957,1768420799.151977,12,Bright,Near,4,2,1920,1080,7.322739,2,3,Sana,-1,0,-1.000000,-1,-1,-1,-1,0.000000,unknown,-1.000000,unknown,-1.000000,-1.000000,unknown,unknown,unknown,0,0,0,0,1,60.052156,0.000000,0.000000,60.052156
Bright_Near_20260114_145957,1768420799.285294,13,Bright,Near,4,2,1920,1080,7.500919,2,0,Fatima,-1,0,-1.000000,-1,-1,-1,-1,0.000000,unknown,-1.000000,unknown,-1.000000,-1.000000,unknown,unknown,unknown,0,0,0,0,1,50.993919,0.000000,0.000000,50.993919
Bright_Near_20260114_145957,1768420799.285294,13,Bright,Near,4,2,1920,1080,7.500919,2,1,Zubair,-1,0,-1.000000,-1,-1,-1,-1,0.000000,unknown,-1.000000,unknown,-1.000000,-1.000000,unknown,unknown,unknown,0,0,0,0,1,50.993919,0.000000,0.000000,50.993919
Bright_Near_20260114_145957,1768420799.285294,13,Bright,Near,4,2,1920,1080,7.500919,2,2,Ameer,-1,0,-1.000000,-1,-1,-1,-1,0.000000,unknown,-1.000000,unknown,-1.000000,-1.000000,unknown,unknown,unknown,0,0,0,0,1,50.993919,0.000000,0.000000,50.993919
Bright_Near_20260114_145957,1768420799.285294,13,Bright,Near,4,2,1920,1080,7.500919,2,3,Sana,-1,0,-1.000000,-1,-1,-1,-1,0.000000,unknown,-1.000000,unknown,-1.000000,-1.000000,unknown,unknown,unknown,0,0,0,0,1,50.993919,0.000000,0.000000,50.993919
Bright_Near_20260114_145957,1768420799.416581,14,Bright,Near,4,2,1920,1080,7.616895,2,0,Fatima,-1,0,-1.000000,-1,-1,-1,-1,0.000000,unknown,-1.000000,unknown,-1.000000,-1.000000,unknown,unknown,unknown,0,0,0,0,1,54.208040,0.000000,0.000000,54.208040
Bright_Near_20260114_145957,1768420799.416581,14,Bright,Near,4,2,1920,1080,7.616895,2,1,Zubair,-1,0,-1.000000,-1,-1,-1,-1,0.000000,unknown,-1.000000,unknown,-1.000000,-1.000000,unknown,unknown,unknown,0,0,0,0,1,54.208040,0.000000,0.000000,54.208040
Bright_Near_20260114_145957,1768420799.416581,14,Bright,Near,4,2,1920,1080,7.616895,2,2,Ameer,-1,0,-1.000000,-1,-1,-1,-1,0.000000,unknown,-1.000000,unknown,-1.000000,-1.000000,unknown,unknown,unknown,0,0,0,0,1,54.208040,0.000000,0.000000,54.208040
Bright_Near_20260114_145957,1768420799.416581,14,Bright,Near,4,2,1920,1080,7.616895,2,3,Sana,-1,0,-1.000000,-1,-1,-1,-1,0.000000,unknown,-1.000000,unknown,-1.000000,-1.000000,unknown,unknown,unknown,0,0,0,0,1,54.208040,0.000000,0.000000,54.208040
Bright_Near_20260114_145957,1768420799.549592,15,Bright,Near,4,2,1920,1080,7.518183,2,0,Fatima,-1,0,-1.000000,-1,-1,-1,-1,0.000000,unknown,-1.000000,unknown,-1.000000,-1.000000,unknown,unknown,unknown,0,0,0,0,1,56.602955,0.000000,0.000000,56.602955
Bright_Near_20260114_145957,1768420799.549592,15,Bright,Near,4,2,1920,1080,7.518183,2,1,Zubair,-1,0,-1.000000,-1,-1,-1,-1,0.000000,unknown,-1.000000,unknown,-1.000000,-1.000000,unknown,unknown,unknown,0,0,0,0,1,56.602955,0.000000,0.000000,56.602955
Bright_Near_20260114_145957,1768420799.549592,15,Bright,Near,4,2,1920,1080,7.518183,2,2,Ameer,-1,0,-1.000000,-1,-1,-1,-1,0.000000,unknown,-1.000000,unknown,-1.000000,-1.000000,unknown,unknown,unknown,0,0,0,0,1,56.602955,0.000000,0.000000,56.602955
Bright_Near_20260114_145957,1768420799.549592,15,Bright,Near,4,2,1920,1080,7.518183,2,3,Sana,-1,0,-1.000000,-1,-1,-1,-1,0.000000,unknown,-1.000000,unknown,-1.000000,-1.000000,unknown,unknown,unknown,0,0,0,0,1,56.602955,0.000000,0.000000,56.602955
Bright_Near_20260114_145957,1768420799.683017,16,Bright,Near,4,2,1920,1080,7.494847,2,0,Fatima,-1,0,-1.000000,-1,-1,-1,-1,0.000000,unknown,-1.000000,unknown,-1.000000,-1.000000,unknown,unknown,unknown,0,0,0,0,1,50.832033,0.000000,0.000000,50.832033
Bright_Near_20260114_145957,1768420799.683017,16,Bright,Near,4,2,1920,1080,7.494847,2,1,Zubair,-1,0,-1.000000,-1,-1,-1,-1,0.000000,unknown,-1.000000,unknown,-1.000000,-1.000000,unknown,unknown,unknown,0,0,0,0,1,50.832033,0.000000,0.000000,50.832033
Bright_Near_20260114_145957,1768420799.683017,16,Bright,Near,4,2,1920,1080,7.494847,2,2,Ameer,-1,0,-1.000000,-1,-1,-1,-1,0.000000,unknown,-1.000000,unknown,-1.000000,-1.000000,unknown,unknown,unknown,0,0,0,0,1,50.832033,0.000000,0.000000,50.832033
Bright_Near_20260114_145957,1768420799.683017,16,Bright,Near,4,2,1920,1080,7.494847,2,3,Sana,-1,0,-1.000000,-1,-1,-1,-1,0.000000,unknown,-1.000000,unknown,-1.000000,-1.000000,unknown,unknown,unknown,0,0,0,0,1,50.832033,0.000000,0.000000,50.832033
Bright_Near_20260114_145957,1768420799.809743,17,Bright,Near,4,2,1920,1080,7.891031,2,0,Fatima,-1,0,-1.000000,-1,-1,-1,-1,0.000000,unknown,-1.000000,unknown,-1.000000,-1.000000,unknown,unknown,unknown,0,0,0,0,1,57.096004,0.000000,0.000000,57.096004
Bright_Near_20260114_145957,1768420799.809743,17,Bright,Near,4,2,1920,1080,7.891031,2,1,Zubair,-1,0,-1.000000,-1,-1,-1,-1,0.000000,unknown,-1.000000,unknown,-1.000000,-1.000000,unknown,unknown,unknown,0,0,0,0,1,57.096004,0.000000,0.000000,57.096004
Bright_Near_20260114_145957,1768420799.809743,17,Bright,Near,4,2,1920,1080,7.891031,2,2,Ameer,-1,0,-1.000000,-1,-1,-1,-1,0.000000,unknown,-1.000000,unknown,-1.000000,-1.000000,unknown,unknown,unknown,0,0,0,0,1,57.096004,0.000000,0.000000,57.096004
Bright_Near_20260114_145957,1768420799.809743,17,Bright,Near,4,2,1920,1080,7.891031,2,3,Sana,-1,0,-1.000000,-1,-1,-1,-1,0.000000,unknown,-1.000000,unknown,-1.000000,-1.000000,unknown,unknown,unknown,0,0,0,0,1,57.096004,0.000000,0.000000,57.096004
Bright_Near_20260114_145957,1768420799.944673,18,Bright,Near,4,2,1920,1080,7.411256,2,0,Fatima,-1,0,-1.000000,-1,-1,-1,-1,0.000000,unknown,-1.000000,unknown,-1.000000,-1.000000,unknown,unknown,unknown,0,0,0,0,1,54.826975,0.000000,0.000000,54.826975
Bright_Near_20260114_145957,1768420799.944673,18,Bright,Near,4,2,1920,1080,7.411256,2,1,Zubair,-1,0,-1.000000,-1,-1,-1,-1,0.000000,unknown,-1.000000,unknown,-1.000000,-1.000000,unknown,unknown,unknown,0,0,0,0,1,54.826975,0.000000,0.000000,54.826975
Bright_Near_20260114_145957,1768420799.944673,18,Bright,Near,4,2,1920,1080,7.411256,2,2,Ameer,-1,0,-1.000000,-1,-1,-1,-1,0.000000,unknown,-1.000000,unknown,-1.000000,-1.000000,unknown,unknown,unknown,0,0,0,0,1,54.826975,0.000000,0.000000,54.826975
Bright_Near_20260114_145957,1768420799.944673,18,Bright,Near,4,2,1920,1080,7.411256,2,3,Sana,-1,0,-1.000000,-1,-1,-1,-1,0.000000,unknown,-1.000000,unknown,-1.000000,-1.000000,unknown,unknown,unknown,0,0,0,0,1,54.826975,0.000000,0.000000,54.826975
Bright_Near_20260114_145957,1768420800.075801,19,Bright,Near,4,2,1920,1080,7.626132,2,0,Fatima,-1,0,-1.000000,-1,-1,-1,-1,0.000000,unknown,-1.000000,unknown,-1.000000,-1.000000,unknown,unknown,unknown,0,0,0,0,1,48.184872,0.000000,0.000000,48.184872
Bright_Near_20260114_145957,1768420800.075801,19,Bright,Near,4,2,1920,1080,7.626132,2,1,Zubair,-1,0,-1.000000,-1,-1,-1,-1,0.000000,unknown,-1.000000,unknown,-1.000000,-1.000000,unknown,unknown,unknown,0,0,0,0,1,48.184872,0.000000,0.000000,48.184872
Bright_Near_20260114_145957,1768420800.075801,19,Bright,Near,4,2,1920,1080,7.626132,2,2,Ameer,-1,0,-1.000000,-1,-1,-1,-1,0.000000,unknown,-1.000000,unknown,-1.000000,-1.000000,unknown,unknown,unknown,0,0,0,0,1,48.184872,0.000000,0.000000,48.184872
Bright_Near_20260114_145957,1768420800.075801,19,Bright,Near,4,2,1920,1080,7.626132,2,3,Sana,-1,0,-1.000000,-1,-1,-1,-1,0.000000,unknown,-1.000000,unknown,-1.000000,-1.000000,unknown,unknown,unknown,0,0,0,0,1,48.184872,0.000000,0.000000,48.184872
Bright_Near_20260114_145957,1768420800.210058,20,Bright,Near,4,2,1920,1080,7.448410,2,0,Fatima,-1,0,-1.000000,-1,-1,-1,-1,0.000000,unknown,-1.000000,unknown,-1.000000,-1.000000,unknown,unknown,unknown,0,0,0,0,1,53.503990,0.000000,0.000000,53.503990
Bright_Near_20260114_145957,1768420800.210058,20,Bright,Near,4,2,1920,1080,7.448410,2,1,Zubair,-1,0,-1.000000,-1,-1,-1,-1,0.000000,unknown,-1.000000,unknown,-1.000000,-1.000000,unknown,unknown,unknown,0,0,0,0,1,53.503990,0.000000,0.000000,53.503990
Bright_Near_20260114_145957,1768420800.210058,20,Bright,Near,4,2,1920,1080,7.448410,2,2,Ameer,-1,0,-1.000000,-1,-1,-1,-1,0.000000,unknown,-1.000000,unknown,-1.000000,-1.000000,unknown,unknown,unknown,0,0,0,0,1,53.503990,0.000000,0.000000,53.503990
Bright_Near_20260114_145957,1768420800.210058,20,Bright,Near,4,2,1920,1080,7.448410,2,3,Sana,-1,0,-1.000000,-1,-1,-1,-1,0.000000,unknown,-1.000000,unknown,-1.000000,-1.000000,unknown,unknown,unknown,0,0,0,0,1,53.503990,0.000000,0.000000,53.503990
Bright_Near_20260114_145957,1768420800.343038,21,Bright,Near,4,2,1920,1080,7.519935,2,0,Fatima,-1,0,-1.000000,-1,-1,-1,-1,0.000000,unknown,-1.000000,unknown,-1.000000,-1.000000,unknown,unknown,unknown,0,0,0,0,1,60.333967,0.000000,0.000000,60.333967
Bright_Near_20260114_145957,1768420800.343038,21,Bright,Near,4,2,1920,1080,7.519935,2,1,Zubair,-1,0,-1.000000,-1,-1,-1,-1,0.000000,unknown,-1.000000,unknown,-1.000000,-1.000000,unknown,unknown,unknown,0,0,0,0,1,60.333967,0.000000,0.000000,60.333967
Bright_Near_20260114_145957,1768420800.343038,21,Bright,Near,4,2,1920,1080,7.519935,2,2,Ameer,-1,0,-1.000000,-1,-1,-1,-1,0.000000,unknown,-1.000000,unknown,-1.000000,-1.000000,unknown,unknown,unknown,0,0,0,0,1,60.333967,0.000000,0.000000,60.333967
Bright_Near_20260114_145957,1768420800.343038,21,Bright,Near,4,2,1920,1080,7.519935,2,3,Sana,-1,0,-1.000000,-1,-1,-1,-1,0.000000,unknown,-1.000000,unknown,-1.000000,-1.000000,unknown,unknown,unknown,0,0,0,0,1,60.333967,0.000000,0.000000,60.333967
Bright_Near_20260114_145957,1768420800.476025,22,Bright,Near,4,2,1920,1080,7.519517,2,0,Fatima,-1,0,-1.000000,-1,-1,-1,-1,0.000000,unknown,-1.000000,unknown,-1.000000,-1.000000,unknown,unknown,unknown,0,0,0,0,1,67.547798,0.000000,0.000000,67.547798
Bright_Near_20260114_145957,1768420800.476025,22,Bright,Near,4,2,1920,1080,7.519517,2,1,Zubair,-1,0,-1.000000,-1,-1,-1,-1,0.000000,unknown,-1.000000,unknown,-1.000000,-1.000000,unknown,unknown,unknown,0,0,0,0,1,67.547798,0.000000,0.000000,67.547798
Bright_Near_20260114_145957,1768420800.476025,22,Bright,Near,4,2,1920,1080,7.519517,2,2,Ameer,-1,0,-1.000000,-1,-1,-1,-1,0.000000,unknown,-1.000000,unknown,-1.000000,-1.000000,unknown,unknown,unknown,0,0,0,0,1,67.547798,0.000000,0.000000,67.547798
Bright_Near_20260114_145957,1768420800.476025,22,Bright,Near,4,2,1920,1080,7.519517,2,3,Sana,-1,0,-1.000000,-1,-1,-1,-1,0.000000,unknown,-1.000000,unknown,-1.000000,-1.000000,unknown,unknown,unknown,0,0,0,0,1,67.547798,0.000000,0.000000,67.547798
Bright_Near_20260114_145957,1768420800.609917,23,Bright,Near,4,2,1920,1080,7.468716,2,0,Fatima,-1,0,-1.000000,-1,-1,-1,-1,0.000000,unknown,-1.000000,unknown,-1.000000,-1.000000,unknown,unknown,unknown,0,0,0,0,1,63.129902,0.000000,0.000000,63.129902
Bright_Near_20260114_145957,1768420800.609917,23,Bright,Near,4,2,1920,1080,7.468716,2,1,Zubair,-1,0,-1.000000,-1,-1,-1,-1,0.000000,unknown,-1.000000,unknown,-1.000000,-1.000000,unknown,unknown,unknown,0,0,0,0,1,63.129902,0.000000,0.000000,63.129902
Bright_Near_20260114_145957,1768420800.609917,23,Bright,Near,4,2,1920,1080,7.468716,2,2,Ameer,-1,0,-1.000000,-1,-1,-1,-1,0.000000,unknown,-1.000000,unknown,-1.000000,-1.000000,unknown,unknown,unknown,0,0,0,0,1,63.129902,0.000000,0.000000,63.129902
Bright_Near_20260114_145957,1768420800.609917,23,Bright,Near,4,2,1920,1080,7.468716,2,3,Sana,-1,0,-1.000000,-1,-1,-1,-1,0.000000,unknown,-1.000000,unknown,-1.000000,-1.000000,unknown,unknown,unknown,0,0,0,0,1,63.129902,0.000000,0.000000,63.129902
Bright_Near_20260114_145957,1768420800.745830,24,Bright,Near,4,2,1920,1080,7.357654,2,0,Fatima,-1,0,-1.000000,-1,-1,-1,-1,0.000000,unknown,-1.000000,unknown,-1.000000,-1.000000,unknown,unknown,unknown,0,0,0,0,1,60.448647,0.000000,0.000000,60.448647
Bright_Near_20260114_145957,1768420800.745830,24,Bright,Near,4,2,1920,1080,7.357654,2,1,Zubair,-1,0,-1.000000,-1,-1,-1,-1,0.000000,unknown,-1.000000,unknown,-1.000000,-1.000000,unknown,unknown,unknown,0,0,0,0,1,60.448647,0.000000,0.000000,60.448647
Bright_Near_20260114_145957,1768420800.745830,24,Bright,Near,4,2,1920,1080,7.357654,2,2,Ameer,-1,0,-1.000000,-1,-1,-1,-1,0.000000,unknown,-1.000000,unknown,-1.000000,-1.000000,unknown,unknown,unknown,0,0,0,0,1,60.448647,0.000000,0.000000,60.448647
Bright_Near_20260114_145957,1768420800.745830,24,Bright,Near,4,2,1920,1080,7.357654,2,3,Sana,-1,0,-1.000000,-1,-1,-1,-1,0.000000,unknown,-1.000000,unknown,-1.000000,-1.000000,unknown,unknown,unknown,0,0,0,0,1,60.448647,0.000000,0.000000,60.448647
Bright_Near_20260114_145957,1768420800.875901,25,Bright,Near,4,2,1920,1080,7.688099,2,0,Fatima,-1,0,-1.000000,-1,-1,-1,-1,0.000000,unknown,-1.000000,unknown,-1.000000,-1.000000,unknown,unknown,unknown,0,0,0,0,1,60.643911,0.000000,0.000000,60.643911
Bright_Near_20260114_145957,1768420800.875901,25,Bright,Near,4,2,1920,1080,7.688099,2,1,Zubair,-1,0,-1.000000,-1,-1,-1,-1,0.000000,unknown,-1.000000,unknown,-1.000000,-1.000000,unknown,unknown,unknown,0,0,0,0,1,60.643911,0.000000,0.000000,60.643911
Bright_Near_20260114_145957,1768420800.875901,25,Bright,Near,4,2,1920,1080,7.688099,2,2,Ameer,-1,0,-1.000000,-1,-1,-1,-1,0.000000,unknown,-1.000000,unknown,-1.000000,-1.000000,unknown,unknown,unknown,0,0,0,0,1,60.643911,0.000000,0.000000,60.643911
Bright_Near_20260114_145957,1768420800.875901,25,Bright,Near,4,2,1920,1080,7.688099,2,3,Sana,-1,0,-1.000000,-1,-1,-1,-1,0.000000,unknown,-1.000000,unknown,-1.000000,-1.000000,unknown,unknown,unknown,0,0,0,0,1,60.643911,0.000000,0.000000,60.643911
Bright_Near_20260114_145957,1768420801.010165,26,Bright,Near,4,2,1920,1080,7.448013,2,0,Fatima,-1,0,-1.000000,-1,-1,-1,-1,0.000000,unknown,-1.000000,unknown,-1.000000,-1.000000,unknown,unknown,unknown,0,0,0,0,1,57.766914,0.000000,0.000000,57.766914
Bright_Near_20260114_145957,1768420801.010165,26,Bright,Near,4,2,1920,1080,7.448013,2,1,Zubair,-1,0,-1.000000,-1,-1,-1,-1,0.000000,unknown,-1.000000,unknown,-1.000000,-1.000000,unknown,unknown,unknown,0,0,0,0,1,57.766914,0.000000,0.000000,57.766914
Bright_Near_20260114_145957,1768420801.010165,26,Bright,Near,4,2,1920,1080,7.448013,2,2,Ameer,-1,0,-1.000000,-1,-1,-1,-1,0.000000,unknown,-1.000000,unknown,-1.000000,-1.000000,unknown,unknown,unknown,0,0,0,0,1,57.766914,0.000000,0.000000,57.766914
Bright_Near_20260114_145957,1768420801.010165,26,Bright,Near,4,2,1920,1080,7.448013,2,3,Sana,-1,0,-1.000000,-1,-1,-1,-1,0.000000,unknown,-1.000000,unknown,-1.000000,-1.000000,unknown,unknown,unknown,0,0,0,0,1,57.766914,0.000000,0.000000,57.766914
Bright_Near_20260114_145957,1768420801.142696,27,Bright,Near,4,2,1920,1080,7.545409,2,0,Fatima,-1,0,-1.000000,-1,-1,-1,-1,0.000000,unknown,-1.000000,unknown,-1.000000,-1.000000,unknown,unknown,unknown,0,0,0,0,1,57.042360,0.000000,0.000000,57.042360
Bright_Near_20260114_145957,1768420801.142696,27,Bright,Near,4,2,1920,1080,7.545409,2,1,Zubair,-1,0,-1.000000,-1,-1,-1,-1,0.000000,unknown,-1.000000,unknown,-1.000000,-1.000000,unknown,unknown,unknown,0,0,0,0,1,57.042360,0.000000,0.000000,57.042360
Bright_Near_20260114_145957,1768420801.142696,27,Bright,Near,4,2,1920,1080,7.545409,2,2,Ameer,-1,0,-1.000000,-1,-1,-1,-1,0.000000,unknown,-1.000000,unknown,-1.000000,-1.000000,unknown,unknown,unknown,0,0,0,0,1,57.042360,0.000000,0.000000,57.042360
Bright_Near_20260114_145957,1768420801.142696,27,Bright,Near,4,2,1920,1080,7.545409,2,3,Sana,-1,0,-1.000000,-1,-1,-1,-1,0.000000,unknown,-1.000000,unknown,-1.000000,-1.000000,unknown,unknown,unknown,0,0,0,0,1,57.042360,0.000000,0.000000,57.042360
Bright_Near_20260114_145957,1768420801.276044,28,Bright,Near,4,2,1920,1080,7.499162,2,0,Fatima,-1,0,-1.000000,-1,-1,-1,-1,0.000000,unknown,-1.000000,unknown,-1.000000,-1.000000,unknown,unknown,unknown,0,0,0,0,1,62.659025,0.000000,0.000000,62.659025
Bright_Near_20260114_145957,1768420801.276044,28,Bright,Near,4,2,1920,1080,7.499162,2,1,Zubair,-1,0,-1.000000,-1,-1,-1,-1,0.000000,unknown,-1.000000,unknown,-1.000000,-1.000000,unknown,unknown,unknown,0,0,0,0,1,62.659025,0.000000,0.000000,62.659025
Bright_Near_20260114_145957,1768420801.276044,28,Bright,Near,4,2,1920,1080,7.499162,2,2,Ameer,-1,0,-1.000000,-1,-1,-1,-1,0.000000,unknown,-1.000000,unknown,-1.000000,-1.000000,unknown,unknown,unknown,0,0,0,0,1,62.659025,0.000000,0.000000,62.659025
Bright_Near_20260114_145957,1768420801.276044,28,Bright,Near,4,2,1920,1080,7.499162,2,3,Sana,-1,0,-1.000000,-1,-1,-1,-1,0.000000,unknown,-1.000000,unknown,-1.000000,-1.000000,unknown,unknown,unknown,0,0,0,0,1,62.659025,0.000000,0.000000,62.659025
Bright_Near_20260114_145957,1768420801.409395,29,Bright,Near,4,2,1920,1080,7.499015,2,0,Fatima,-1,0,-1.000000,-1,-1,-1,-1,0.000000,unknown,-1.000000,unknown,-1.000000,-1.000000,unknown,unknown,unknown,0,0,0,0,1,49.575090,0.000000,0.000000,49.575090
Bright_Near_20260114_145957,1768420801.409395,29,Bright,Near,4,2,1920,1080,7.499015,2,1,Zubair,-1,0,-1.000000,-1,-1,-1,-1,0.000000,unknown,-1.000000,unknown,-1.000000,-1.000000,unknown,unknown,unknown,0,0,0,0,1,49.575090,0.000000,0.000000,49.575090
Bright_Near_20260114_145957,1768420801.409395,29,Bright,Near,4,2,1920,1080,7.499015,2,2,Ameer,-1,0,-1.000000,-1,-1,-1,-1,0.000000,unknown,-1.000000,unknown,-1.000000,-1.000000,unknown,unknown,unknown,0,0,0,0,1,49.575090,0.000000,0.000000,49.575090
Bright_Near_20260114_145957,1768420801.409395,29,Bright,Near,4,2,1920,1080,7.499015,2,3,Sana,-1,0,-1.000000,-1,-1,-1,-1,0.000000,unknown,-1.000000,unknown,-1.000000,-1.000000,unknown,unknown,unknown,0,0,0,0,1,49.575090,0.000000,0.000000,49.575090
Bright_Near_20260114_145957,1768420801.542431,30,Bright,Near,4,2,1920,1080,7.516768,2,0,Fatima,-1,0,-1.000000,-1,-1,-1,-1,0.000000,unknown,-1.000000,unknown,-1.000000,-1.000000,unknown,unknown,unknown,0,0,0,0,1,64.456224,0.000000,0.000000,64.456224
Bright_Near_20260114_145957,1768420801.542431,30,Bright,Near,4,2,1920,1080,7.516768,2,1,Zubair,-1,0,-1.000000,-1,-1,-1,-1,0.000000,unknown,-1.000000,unknown,-1.000000,-1.000000,unknown,unknown,unknown,0,0,0,0,1,64.456224,0.000000,0.000000,64.456224
Bright_Near_20260114_145957,1768420801.542431,30,Bright,Near,4,2,1920,1080,7.516768,2,2,Ameer,-1,0,-1.000000,-1,-1,-1,-1,0.000000,unknown,-1.000000,unknown,-1.000000,-1.000000,unknown,unknown,unknown,0,0,0,0,1,64.456224,0.000000,0.000000,64.456224
Bright_Near_20260114_145957,1768420801.542431,30,Bright,Near,4,2,1920,1080,7.516768,2,3,Sana,-1,0,-1.000000,-1,-1,-1,-1,0.000000,unknown,-1.000000,unknown,-1.000000,-1.000000,unknown,unknown,unknown,0,0,0,0,1,64.456224,0.000000,0.000000,64.456224
Bright_Near_20260114_145957,1768420801.676008,31,Bright,Near,4,2,1920,1080,7.486313,2,0,Fatima,-1,0,-1.000000,-1,-1,-1,-1,0.000000,unknown,-1.000000,unknown,-1.000000,-1.000000,unknown,unknown,unknown,0,0,0,0,1,52.417755,0.000000,0.000000,52.417755
Bright_Near_20260114_145957,1768420801.676008,31,Bright,Near,4,2,1920,1080,7.486313,2,1,Zubair,-1,0,-1.000000,-1,-1,-1,-1,0.000000,unknown,-1.000000,unknown,-1.000000,-1.000000,unknown,unknown,unknown,0,0,0,0,1,52.417755,0.000000,0.000000,52.417755
Bright_Near_20260114_145957,1768420801.676008,31,Bright,Near,4,2,1920,1080,7.486313,2,2,Ameer,-1,0,-1.000000,-1,-1,-1,-1,0.000000,unknown,-1.000000,unknown,-1.000000,-1.000000,unknown,unknown,unknown,0,0,0,0,1,52.417755,0.000000,0.000000,52.417755
Bright_Near_20260114_145957,1768420801.676008,31,Bright,Near,4,2,1920,1080,7.486313,2,3,Sana,-1,0,-1.000000,-1,-1,-1,-1,0.000000,unknown,-1.000000,unknown,-1.000000,-1.000000,unknown,unknown,unknown,0,0,0,0,1,52.417755,0.000000,0.000000,52.417755
Bright_Near_20260114_145957,1768420801.809249,32,Bright,Near,4,2,1920,1080,7.505201,2,0,Fatima,-1,0,-1.000000,-1,-1,-1,-1,0.000000,unknown,-1.000000,unknown,-1.000000,-1.000000,unknown,unknown,unknown,0,0,0,0,1,61.552048,0.000000,0.000000,61.552048
Bright_Near_20260114_145957,1768420801.809249,32,Bright,Near,4,2,1920,1080,7.505201,2,1,Zubair,-1,0,-1.000000,-1,-1,-1,-1,0.000000,unknown,-1.000000,unknown,-1.000000,-1.000000,unknown,unknown,unknown,0,0,0,0,1,61.552048,0.000000,0.000000,61.552048
Bright_Near_20260114_145957,1768420801.809249,32,Bright,Near,4,2,1920,1080,7.505201,2,2,Ameer,-1,0,-1.000000,-1,-1,-1,-1,0.000000,unknown,-1.000000,unknown,-1.000000,-1.000000,unknown,unknown,unknown,0,0,0,0,1,61.552048,0.000000,0.000000,61.552048
Bright_Near_20260114_145957,1768420801.809249,32,Bright,Near,4,2,1920,1080,7.505201,2,3,Sana,-1,0,-1.000000,-1,-1,-1,-1,0.000000,unknown,-1.000000,unknown,-1.000000,-1.000000,unknown,unknown,unknown,0,0,0,0,1,61.552048,0.000000,0.000000,61.552048
Bright_Near_20260114_145957,1768420801.942346,33,Bright,Near,4,2,1920,1080,7.513308,2,0,Fatima,-1,0,-1.000000,-1,-1,-1,-1,0.000000,unknown,-1.000000,unknown,-1.000000,-1.000000,unknown,unknown,unknown,0,0,0,0,1,60.025930,0.000000,0.000000,60.025930
Bright_Near_20260114_145957,1768420801.942346,33,Bright,Near,4,2,1920,1080,7.513308,2,1,Zubair,-1,0,-1.000000,-1,-1,-1,-1,0.000000,unknown,-1.000000,unknown,-1.000000,-1.000000,unknown,unknown,unknown,0,0,0,0,1,60.025930,0.000000,0.000000,60.025930
Bright_Near_20260114_145957,1768420801.942346,33,Bright,Near,4,2,1920,1080,7.513308,2,2,Ameer,-1,0,-1.000000,-1,-1,-1,-1,0.000000,unknown,-1.000000,unknown,-1.000000,-1.000000,unknown,unknown,unknown,0,0,0,0,1,60.025930,0.000000,0.000000,60.025930
Bright_Near_20260114_145957,1768420801.942346,33,Bright,Near,4,2,1920,1080,7.513308,2,3,Sana,-1,0,-1.000000,-1,-1,-1,-1,0.000000,unknown,-1.000000,unknown,-1.000000,-1.000000,unknown,unknown,unknown,0,0,0,0,1,60.025930,0.000000,0.000000,60.025930
Bright_Near_20260114_145957,1768420802.074957,34,Bright,Near,4,2,1920,1080,7.540851,2,0,Fatima,-1,0,-1.000000,-1,-1,-1,-1,0.000000,unknown,-1.000000,unknown,-1.000000,-1.000000,unknown,unknown,unknown,0,0,0,0,1,53.244829,0.000000,0.000000,53.244829
Bright_Near_20260114_145957,1768420802.074957,34,Bright,Near,4,2,1920,1080,7.540851,2,1,Zubair,-1,0,-1.000000,-1,-1,-1,-1,0.000000,unknown,-1.000000,unknown,-1.000000,-1.000000,unknown,unknown,unknown,0,0,0,0,1,53.244829,0.000000,0.000000,53.244829
Bright_Near_20260114_145957,1768420802.074957,34,Bright,Near,4,2,1920,1080,7.540851,2,2,Ameer,-1,0,-1.000000,-1,-1,-1,-1,0.000000,unknown,-1.000000,unknown,-1.000000,-1.000000,unknown,unknown,unknown,0,0,0,0,1,53.244829,0.000000,0.000000,53.244829
Bright_Near_20260114_145957,1768420802.074957,34,Bright,Near,4,2,1920,1080,7.540851,2,3,Sana,-1,0,-1.000000,-1,-1,-1,-1,0.000000,unknown,-1.000000,unknown,-1.000000,-1.000000,unknown,unknown,unknown,0,0,0,0,1,53.244829,0.000000,0.000000,53.244829
Bright_Near_20260114_145957,1768420802.208633,35,Bright,Near,4,2,1920,1080,7.480771,2,0,Fatima,-1,0,-1.000000,-1,-1,-1,-1,0.000000,unknown,-1.000000,unknown,-1.000000,-1.000000,unknown,unknown,unknown,0,0,0,0,1,46.343803,0.000000,0.000000,46.343803
Bright_Near_20260114_145957,1768420802.208633,35,Bright,Near,4,2,1920,1080,7.480771,2,1,Zubair,-1,0,-1.000000,-1,-1,-1,-1,0.000000,unknown,-1.000000,unknown,-1.000000,-1.000000,unknown,unknown,unknown,0,0,0,0,1,46.343803,0.000000,0.000000,46.343803
Bright_Near_20260114_145957,1768420802.208633,35,Bright,Near,4,2,1920,1080,7.480771,2,2,Ameer,-1,0,-1.000000,-1,-1,-1,-1,0.000000,unknown,-1.000000,unknown,-1.000000,-1.000000,unknown,unknown,unknown,0,0,0,0,1,46.343803,0.000000,0.000000,46.343803
Bright_Near_20260114_145957,1768420802.208633,35,Bright,Near,4,2,1920,1080,7.480771,2,3,Sana,-1,0,-1.000000,-1,-1,-1,-1,0.000000,unknown,-1.000000,unknown,-1.000000,-1.000000,unknown,unknown,unknown,0,0,0,0,1,46.343803,0.000000,0.000000,46.343803
Bright_Near_20260114_145957,1768420802.342767,36,Bright,Near,4,2,1920,1080,7.455242,2,0,Fatima,-1,0,-1.000000,-1,-1,-1,-1,0.000000,unknown,-1.000000,unknown,-1.000000,-1.000000,unknown,unknown,unknown,0,0,0,0,1,52.631140,0.000000,0.000000,52.631140
Bright_Near_20260114_145957,1768420802.342767,36,Bright,Near,4,2,1920,1080,7.455242,2,1,Zubair,-1,0,-1.000000,-1,-1,-1,-1,0.000000,unknown,-1.000000,unknown,-1.000000,-1.000000,unknown,unknown,unknown,0,0,0,0,1,52.631140,0.000000,0.000000,52.631140
Bright_Near_20260114_145957,1768420802.342767,36,Bright,Near,4,2,1920,1080,7.455242,2,2,Ameer,-1,0,-1.000000,-1,-1,-1,-1,0.000000,unknown,-1.000000,unknown,-1.000000,-1.000000,unknown,unknown,unknown,0,0,0,0,1,52.631140,0.000000,0.000000,52.631140
Bright_Near_20260114_145957,1768420802.342767,36,Bright,Near,4,2,1920,1080,7.455242,2,3,Sana,-1,0,-1.000000,-1,-1,-1,-1,0.000000,unknown,-1.000000,unknown,-1.000000,-1.000000,unknown,unknown,unknown,0,0,0,0,1,52.631140,0.000000,0.000000,52.631140
Bright_Near_20260114_145957,1768420802.476521,37,Bright,Near,4,2,1920,1080,7.476411,2,0,Fatima,-1,0,-1.000000,-1,-1,-1,-1,0.000000,unknown,-1.000000,unknown,-1.000000,-1.000000,unknown,unknown,unknown,0,0,0,0,1,51.169872,0.000000,0.000000,51.169872
Bright_Near_20260114_145957,1768420802.476521,37,Bright,Near,4,2,1920,1080,7.476411,2,1,Zubair,-1,0,-1.000000,-1,-1,-1,-1,0.000000,unknown,-1.000000,unknown,-1.000000,-1.000000,unknown,unknown,unknown,0,0,0,0,1,51.169872,0.000000,0.000000,51.169872
Bright_Near_20260114_145957,1768420802.476521,37,Bright,Near,4,2,1920,1080,7.476411,2,2,Ameer,-1,0,-1.000000,-1,-1,-1,-1,0.000000,unknown,-1.000000,unknown,-1.000000,-1.000000,unknown,unknown,unknown,0,0,0,0,1,51.169872,0.000000,0.000000,51.169872
Bright_Near_20260114_145957,1768420802.476521,37,Bright,Near,4,2,1920,1080,7.476411,2,3,Sana,-1,0,-1.000000,-1,-1,-1,-1,0.000000,unknown,-1.000000,unknown,-1.000000,-1.000000,unknown,unknown,unknown,0,0,0,0,1,51.169872,0.000000,0.000000,51.169872
Bright_Near_20260114_145957,1768420802.609877,38,Bright,Near,4,2,1920,1080,7.498720,2,0,Fatima,-1,0,-1.000000,-1,-1,-1,-1,0.000000,unknown,-1.000000,unknown,-1.000000,-1.000000,unknown,unknown,unknown,0,0,0,0,1,56.381941,0.000000,0.000000,56.381941
Bright_Near_20260114_145957,1768420802.609877,38,Bright,Near,4,2,1920,1080,7.498720,2,1,Zubair,-1,0,-1.000000,-1,-1,-1,-1,0.000000,unknown,-1.000000,unknown,-1.000000,-1.000000,unknown,unknown,unknown,0,0,0,0,1,56.381941,0.000000,0.000000,56.381941
Bright_Near_20260114_145957,1768420802.609877,38,Bright,Near,4,2,1920,1080,7.498720,2,2,Ameer,-1,0,-1.000000,-1,-1,-1,-1,0.000000,unknown,-1.000000,unknown,-1.000000,-1.000000,unknown,unknown,unknown,0,0,0,0,1,56.381941,0.000000,0.000000,56.381941
Bright_Near_20260114_145957,1768420802.609877,38,Bright,Near,4,2,1920,1080,7.498720,2,3,Sana,-1,0,-1.000000,-1,-1,-1,-1,0.000000,unknown,-1.000000,unknown,-1.000000,-1.000000,unknown,unknown,unknown,0,0,0,0,1,56.381941,0.000000,0.000000,56.381941
Bright_Near_20260114_145957,1768420802.743167,39,Bright,Near,4,2,1920,1080,7.502449,2,0,Fatima,-1,0,-1.000000,-1,-1,-1,-1,0.000000,unknown,-1.000000,unknown,-1.000000,-1.000000,unknown,unknown,unknown,0,0,0,0,1,56.138039,0.000000,0.000000,56.138039
Bright_Near_20260114_145957,1768420802.743167,39,Bright,Near,4,2,1920,1080,7.502449,2,1,Zubair,-1,0,-1.000000,-1,-1,-1,-1,0.000000,unknown,-1.000000,unknown,-1.000000,-1.000000,unknown,unknown,unknown,0,0,0,0,1,56.138039,0.000000,0.000000,56.138039
Bright_Near_20260114_145957,1768420802.743167,39,Bright,Near,4,2,1920,1080,7.502449,2,2,Ameer,-1,0,-1.000000,-1,-1,-1,-1,0.000000,unknown,-1.000000,unknown,-1.000000,-1.000000,unknown,unknown,unknown,0,0,0,0,1,56.138039,0.000000,0.000000,56.138039
Bright_Near_20260114_145957,1768420802.743167,39,Bright,Near,4,2,1920,1080,7.502449,2,3,Sana,-1,0,-1.000000,-1,-1,-1,-1,0.000000,unknown,-1.000000,unknown,-1.000000,-1.000000,unknown,unknown,unknown,0,0,0,0,1,56.138039,0.000000,0.000000,56.138039
Bright_Near_20260114_145957,1768420802.876280,40,Bright,Near,4,2,1920,1080,7.512406,2,0,Fatima,-1,0,-1.000000,-1,-1,-1,-1,0.000000,unknown,-1.000000,unknown,-1.000000,-1.000000,unknown,unknown,unknown,0,0,0,0,1,55.171013,0.000000,0.000000,55.171013
Bright_Near_20260114_145957,1768420802.876280,40,Bright,Near,4,2,1920,1080,7.512406,2,1,Zubair,-1,0,-1.000000,-1,-1,-1,-1,0.000000,unknown,-1.000000,unknown,-1.000000,-1.000000,unknown,unknown,unknown,0,0,0,0,1,55.171013,0.000000,0.000000,55.171013
Bright_Near_20260114_145957,1768420802.876280,40,Bright,Near,4,2,1920,1080,7.512406,2,2,Ameer,-1,0,-1.000000,-1,-1,-1,-1,0.000000,unknown,-1.000000,unknown,-1.000000,-1.000000,unknown,unknown,unknown,0,0,0,0,1,55.171013,0.000000,0.000000,55.171013
Bright_Near_20260114_145957,1768420802.876280,40,Bright,Near,4,2,1920,1080,7.512406,2,3,Sana,-1,0,-1.000000,-1,-1,-1,-1,0.000000,unknown,-1.000000,unknown,-1.000000,-1.000000,unknown,unknown,unknown,0,0,0,0,1,55.171013,0.000000,0.000000,55.171013
Bright_Near_20260114_145957,1768420803.009734,41,Bright,Near,4,2,1920,1080,7.493227,2,0,Fatima,-1,0,-1.000000,-1,-1,-1,-1,0.000000,unknown,-1.000000,unknown,-1.000000,-1.000000,unknown,unknown,unknown,0,0,0,0,1,56.774855,0.000000,0.000000,56.774855
Bright_Near_20260114_145957,1768420803.009734,41,Bright,Near,4,2,1920,1080,7.493227,2,1,Zubair,-1,0,-1.000000,-1,-1,-1,-1,0.000000,unknown,-1.000000,unknown,-1.000000,-1.000000,unknown,unknown,unknown,0,0,0,0,1,56.774855,0.000000,0.000000,56.774855
Bright_Near_20260114_145957,1768420803.009734,41,Bright,Near,4,2,1920,1080,7.493227,2,2,Ameer,-1,0,-1.000000,-1,-1,-1,-1,0.000000,unknown,-1.000000,unknown,-1.000000,-1.000000,unknown,unknown,unknown,0,0,0,0,1,56.774855,0.000000,0.000000,56.774855
Bright_Near_20260114_145957,1768420803.009734,41,Bright,Near,4,2,1920,1080,7.493227,2,3,Sana,-1,0,-1.000000,-1,-1,-1,-1,0.000000,unknown,-1.000000,unknown,-1.000000,-1.000000,unknown,unknown,unknown,0,0,0,0,1,56.774855,0.000000,0.000000,56.774855
Bright_Near_20260114_145957,1768420803.142964,42,Bright,Near,4,2,1920,1080,7.505819,2,0,Fatima,-1,0,-1.000000,-1,-1,-1,-1,0.000000,unknown,-1.000000,unknown,-1.000000,-1.000000,unknown,unknown,unknown,0,0,0,0,1,62.053204,0.000000,0.000000,62.053204
Bright_Near_20260114_145957,1768420803.142964,42,Bright,Near,4,2,1920,1080,7.505819,2,1,Zubair,-1,0,-1.000000,-1,-1,-1,-1,0.000000,unknown,-1.000000,unknown,-1.000000,-1.000000,unknown,unknown,unknown,0,0,0,0,1,62.053204,0.000000,0.000000,62.053204
Bright_Near_20260114_145957,1768420803.142964,42,Bright,Near,4,2,1920,1080,7.505819,2,2,Ameer,-1,0,-1.000000,-1,-1,-1,-1,0.000000,unknown,-1.000000,unknown,-1.000000,-1.000000,unknown,unknown,unknown,0,0,0,0,1,62.053204,0.000000,0.000000,62.053204
Bright_Near_20260114_145957,1768420803.142964,42,Bright,Near,4,2,1920,1080,7.505819,2,3,Sana,-1,0,-1.000000,-1,-1,-1,-1,0.000000,unknown,-1.000000,unknown,-1.000000,-1.000000,unknown,unknown,unknown,0,0,0,0,1,62.053204,0.000000,0.000000,62.053204
Bright_Near_20260114_145957,1768420803.276378,43,Bright,Near,4,2,1920,1080,7.495450,2,0,Fatima,-1,0,-1.000000,-1,-1,-1,-1,0.000000,unknown,-1.000000,unknown,-1.000000,-1.000000,unknown,unknown,unknown,0,0,0,0,1,60.691118,0.000000,0.000000,60.691118
Bright_Near_20260114_145957,1768420803.276378,43,Bright,Near,4,2,1920,1080,7.495450,2,1,Zubair,-1,0,-1.000000,-1,-1,-1,-1,0.000000,unknown,-1.000000,unknown,-1.000000,-1.000000,unknown,unknown,unknown,0,0,0,0,1,60.691118,0.000000,0.000000,60.691118
Bright_Near_20260114_145957,1768420803.276378,43,Bright,Near,4,2,1920,1080,7.495450,2,2,Ameer,-1,0,-1.000000,-1,-1,-1,-1,0.000000,unknown,-1.000000,unknown,-1.000000,-1.000000,unknown,unknown,unknown,0,0,0,0,1,60.691118,0.000000,0.000000,60.691118
Bright_Near_20260114_145957,1768420803.276378,43,Bright,Near,4,2,1920,1080,7.495450,2,3,Sana,-1,0,-1.000000,-1,-1,-1,-1,0.000000,unknown,-1.000000,unknown,-1.000000,-1.000000,unknown,unknown,unknown,0,0,0,0,1,60.691118,0.000000,0.000000,60.691118
Bright_Near_20260114_145957,1768420803.409186,44,Bright,Near,4,2,1920,1080,7.529669,2,0,Fatima,-1,0,-1.000000,-1,-1,-1,-1,0.000000,unknown,-1.000000,unknown,-1.000000,-1.000000,unknown,unknown,unknown,0,0,0,0,1,57.665110,0.000000,0.000000,57.665110
Bright_Near_20260114_145957,1768420803.409186,44,Bright,Near,4,2,1920,1080,7.529669,2,1,Zubair,-1,0,-1.000000,-1,-1,-1,-1,0.000000,unknown,-1.000000,unknown,-1.000000,-1.000000,unknown,unknown,unknown,0,0,0,0,1,57.665110,0.000000,0.000000,57.665110
Bright_Near_20260114_145957,1768420803.409186,44,Bright,Near,4,2,1920,1080,7.529669,2,2,Ameer,-1,0,-1.000000,-1,-1,-1,-1,0.000000,unknown,-1.000000,unknown,-1.000000,-1.000000,unknown,unknown,unknown,0,0,0,0,1,57.665110,0.000000,0.000000,57.665110
Bright_Near_20260114_145957,1768420803.409186,44,Bright,Near,4,2,1920,1080,7.529669,2,3,Sana,-1,0,-1.000000,-1,-1,-1,-1,0.000000,unknown,-1.000000,unknown,-1.000000,-1.000000,unknown,unknown,unknown,0,0,0,0,1,57.665110,0.000000,0.000000,57.665110
Bright_Near_20260114_145957,1768420803.542553,45,Bright,Near,4,2,1920,1080,7.498103,2,0,Fatima,-1,0,-1.000000,-1,-1,-1,-1,0.000000,unknown,-1.000000,unknown,-1.000000,-1.000000,unknown,unknown,unknown,0,0,0,0,1,53.339958,0.000000,0.000000,53.339958
Bright_Near_20260114_145957,1768420803.542553,45,Bright,Near,4,2,1920,1080,7.498103,2,1,Zubair,-1,0,-1.000000,-1,-1,-1,-1,0.000000,unknown,-1.000000,unknown,-1.000000,-1.000000,unknown,unknown,unknown,0,0,0,0,1,53.339958,0.000000,0.000000,53.339958
Bright_Near_20260114_145957,1768420803.542553,45,Bright,Near,4,2,1920,1080,7.498103,2,2,Ameer,-1,0,-1.000000,-1,-1,-1,-1,0.000000,unknown,-1.000000,unknown,-1.000000,-1.000000,unknown,unknown,unknown,0,0,0,0,1,53.339958,0.000000,0.000000,53.339958
Bright_Near_20260114_145957,1768420803.542553,45,Bright,Near,4,2,1920,1080,7.498103,2,3,Sana,-1,0,-1.000000,-1,-1,-1,-1,0.000000,unknown,-1.000000,unknown,-1.000000,-1.000000,unknown,unknown,unknown,0,0,0,0,1,53.339958,0.000000,0.000000,53.339958
Bright_Near_20260114_145957,1768420803.676179,46,Bright,Near,4,2,1920,1080,7.483588,2,0,Fatima,-1,0,-1.000000,-1,-1,-1,-1,0.000000,unknown,-1.000000,unknown,-1.000000,-1.000000,unknown,unknown,unknown,0,0,0,0,1,50.291061,0.000000,0.000000,50.291061
Bright_Near_20260114_145957,1768420803.676179,46,Bright,Near,4,2,1920,1080,7.483588,2,1,Zubair,-1,0,-1.000000,-1,-1,-1,-1,0.000000,unknown,-1.000000,unknown,-1.000000,-1.000000,unknown,unknown,unknown,0,0,0,0,1,50.291061,0.000000,0.000000,50.291061
Bright_Near_20260114_145957,1768420803.676179,46,Bright,Near,4,2,1920,1080,7.483588,2,2,Ameer,-1,0,-1.000000,-1,-1,-1,-1,0.000000,unknown,-1.000000,unknown,-1.000000,-1.000000,unknown,unknown,unknown,0,0,0,0,1,50.291061,0.000000,0.000000,50.291061
Bright_Near_20260114_145957,1768420803.676179,46,Bright,Near,4,2,1920,1080,7.483588,2,3,Sana,-1,0,-1.000000,-1,-1,-1,-1,0.000000,unknown,-1.000000,unknown,-1.000000,-1.000000,unknown,unknown,unknown,0,0,0,0,1,50.291061,0.000000,0.000000,50.291061
Bright_Near_20260114_145957,1768420803.809355,47,Bright,Near,4,2,1920,1080,7.508855,2,0,Fatima,-1,0,-1.000000,-1,-1,-1,-1,0.000000,unknown,-1.000000,unknown,-1.000000,-1.000000,unknown,unknown,unknown,0,0,0,0,1,59.060097,0.000000,0.000000,59.060097
Bright_Near_20260114_145957,1768420803.809355,47,Bright,Near,4,2,1920,1080,7.508855,2,1,Zubair,-1,0,-1.000000,-1,-1,-1,-1,0.000000,unknown,-1.000000,unknown,-1.000000,-1.000000,unknown,unknown,unknown,0,0,0,0,1,59.060097,0.000000,0.000000,59.060097
Bright_Near_20260114_145957,1768420803.809355,47,Bright,Near,4,2,1920,1080,7.508855,2,2,Ameer,-1,0,-1.000000,-1,-1,-1,-1,0.000000,unknown,-1.000000,unknown,-1.000000,-1.000000,unknown,unknown,unknown,0,0,0,0,1,59.060097,0.000000,0.000000,59.060097
Bright_Near_20260114_145957,1768420803.809355,47,Bright,Near,4,2,1920,1080,7.508855,2,3,Sana,-1,0,-1.000000,-1,-1,-1,-1,0.000000,unknown,-1.000000,unknown,-1.000000,-1.000000,unknown,unknown,unknown,0,0,0,0,1,59.060097,0.000000,0.000000,59.060097
Bright_Near_20260114_145957,1768420803.942697,48,Bright,Near,4,2,1920,1080,7.499511,2,0,Fatima,-1,0,-1.000000,-1,-1,-1,-1,0.000000,unknown,-1.000000,unknown,-1.000000,-1.000000,unknown,unknown,unknown,0,0,0,0,1,62.165022,0.000000,0.000000,62.165022
Bright_Near_20260114_145957,1768420803.942697,48,Bright,Near,4,2,1920,1080,7.499511,2,1,Zubair,-1,0,-1.000000,-1,-1,-1,-1,0.000000,unknown,-1.000000,unknown,-1.000000,-1.000000,unknown,unknown,unknown,0,0,0,0,1,62.165022,0.000000,0.000000,62.165022
Bright_Near_20260114_145957,1768420803.942697,48,Bright,Near,4,2,1920,1080,7.499511,2,2,Ameer,-1,0,-1.000000,-1,-1,-1,-1,0.000000,unknown,-1.000000,unknown,-1.000000,-1.000000,unknown,unknown,unknown,0,0,0,0,1,62.165022,0.000000,0.000000,62.165022
Bright_Near_20260114_145957,1768420803.942697,48,Bright,Near,4,2,1920,1080,7.499511,2,3,Sana,-1,0,-1.000000,-1,-1,-1,-1,0.000000,unknown,-1.000000,unknown,-1.000000,-1.000000,unknown,unknown,unknown,0,0,0,0,1,62.165022,0.000000,0.000000,62.165022
Bright_Near_20260114_145957,1768420804.076009,49,Bright,Near,4,2,1920,1080,7.501201,2,0,Fatima,-1,0,-1.000000,-1,-1,-1,-1,0.000000,unknown,-1.000000,unknown,-1.000000,-1.000000,unknown,unknown,unknown,0,0,0,0,1,52.238941,0.000000,0.000000,52.238941
Bright_Near_20260114_145957,1768420804.076009,49,Bright,Near,4,2,1920,1080,7.501201,2,1,Zubair,-1,0,-1.000000,-1,-1,-1,-1,0.000000,unknown,-1.000000,unknown,-1.000000,-1.000000,unknown,unknown,unknown,0,0,0,0,1,52.238941,0.000000,0.000000,52.238941
Bright_Near_20260114_145957,1768420804.076009,49,Bright,Near,4,2,1920,1080,7.501201,2,2,Ameer,-1,0,-1.000000,-1,-1,-1,-1,0.000000,unknown,-1.000000,unknown,-1.000000,-1.000000,unknown,unknown,unknown,0,0,0,0,1,52.238941,0.000000,0.000000,52.238941
Bright_Near_20260114_145957,1768420804.076009,49,Bright,Near,4,2,1920,1080,7.501201,2,3,Sana,-1,0,-1.000000,-1,-1,-1,-1,0.000000,unknown,-1.000000,unknown,-1.000000,-1.000000,unknown,unknown,unknown,0,0,0,0,1,52.238941,0.000000,0.000000,52.238941
Bright_Near_20260114_145957,1768420804.209376,50,Bright,Near,4,2,1920,1080,7.498103,2,0,Fatima,-1,0,-1.000000,-1,-1,-1,-1,0.000000,unknown,-1.000000,unknown,-1.000000,-1.000000,unknown,unknown,unknown,0,0,0,0,1,53.033352,0.000000,0.000000,53.033352
Bright_Near_20260114_145957,1768420804.209376,50,Bright,Near,4,2,1920,1080,7.498103,2,1,Zubair,-1,0,-1.000000,-1,-1,-1,-1,0.000000,unknown,-1.000000,unknown,-1.000000,-1.000000,unknown,unknown,unknown,0,0,0,0,1,53.033352,0.000000,0.000000,53.033352
Bright_Near_20260114_145957,1768420804.209376,50,Bright,Near,4,2,1920,1080,7.498103,2,2,Ameer,-1,0,-1.000000,-1,-1,-1,-1,0.000000,unknown,-1.000000,unknown,-1.000000,-1.000000,unknown,unknown,unknown,0,0,0,0,1,53.033352,0.000000,0.000000,53.033352
Bright_Near_20260114_145957,1768420804.209376,50,Bright,Near,4,2,1920,1080,7.498103,2,3,Sana,-1,0,-1.000000,-1,-1,-1,-1,0.000000,unknown,-1.000000,unknown,-1.000000,-1.000000,unknown,unknown,unknown,0,0,0,0,1,53.033352,0.000000,0.000000,53.033352
Bright_Near_20260114_145957,1768420804.342650,51,Bright,Near,4,2,1920,1080,7.503335,2,0,Fatima,-1,0,-1.000000,-1,-1,-1,-1,0.000000,unknown,-1.000000,unknown,-1.000000,-1.000000,unknown,unknown,unknown,0,0,0,0,1,55.010080,0.000000,0.000000,55.010080
Bright_Near_20260114_145957,1768420804.342650,51,Bright,Near,4,2,1920,1080,7.503335,2,1,Zubair,-1,0,-1.000000,-1,-1,-1,-1,0.000000,unknown,-1.000000,unknown,-1.000000,-1.000000,unknown,unknown,unknown,0,0,0,0,1,55.010080,0.000000,0.000000,55.010080
Bright_Near_20260114_145957,1768420804.342650,51,Bright,Near,4,2,1920,1080,7.503335,2,2,Ameer,-1,0,-1.000000,-1,-1,-1,-1,0.000000,unknown,-1.000000,unknown,-1.000000,-1.000000,unknown,unknown,unknown,0,0,0,0,1,55.010080,0.000000,0.000000,55.010080
Bright_Near_20260114_145957,1768420804.342650,51,Bright,Near,4,2,1920,1080,7.503335,2,3,Sana,-1,0,-1.000000,-1,-1,-1,-1,0.000000,unknown,-1.000000,unknown,-1.000000,-1.000000,unknown,unknown,unknown,0,0,0,0,1,55.010080,0.000000,0.000000,55.010080
Bright_Near_20260114_145957,1768420804.476388,52,Bright,Near,4,2,1920,1080,7.477317,2,0,Fatima,-1,0,-1.000000,-1,-1,-1,-1,0.000000,unknown,-1.000000,unknown,-1.000000,-1.000000,unknown,unknown,unknown,0,0,0,0,1,75.334072,0.000000,0.000000,75.334072
Bright_Near_20260114_145957,1768420804.476388,52,Bright,Near,4,2,1920,1080,7.477317,2,1,Zubair,-1,0,-1.000000,-1,-1,-1,-1,0.000000,unknown,-1.000000,unknown,-1.000000,-1.000000,unknown,unknown,unknown,0,0,0,0,1,75.334072,0.000000,0.000000,75.334072
Bright_Near_20260114_145957,1768420804.476388,52,Bright,Near,4,2,1920,1080,7.477317,2,2,Ameer,-1,0,-1.000000,-1,-1,-1,-1,0.000000,unknown,-1.000000,unknown,-1.000000,-1.000000,unknown,unknown,unknown,0,0,0,0,1,75.334072,0.000000,0.000000,75.334072
Bright_Near_20260114_145957,1768420804.476388,52,Bright,Near,4,2,1920,1080,7.477317,2,3,Sana,-1,0,-1.000000,-1,-1,-1,-1,0.000000,unknown,-1.000000,unknown,-1.000000,-1.000000,unknown,unknown,unknown,0,0,0,0,1,75.334072,0.000000,0.000000,75.334072
Bright_Near_20260114_145957,1768420804.644450,53,Bright,Near,4,2,1920,1080,5.950186,2,0,Fatima,-1,0,-1.000000,-1,-1,-1,-1,0.000000,unknown,-1.000000,unknown,-1.000000,-1.000000,unknown,unknown,unknown,0,0,0,0,1,127.120733,0.000000,0.000000,127.120733
Bright_Near_20260114_145957,1768420804.644450,53,Bright,Near,4,2,1920,1080,5.950186,2,1,Zubair,-1,0,-1.000000,-1,-1,-1,-1,0.000000,unknown,-1.000000,unknown,-1.000000,-1.000000,unknown,unknown,unknown,0,0,0,0,1,127.120733,0.000000,0.000000,127.120733
Bright_Near_20260114_145957,1768420804.644450,53,Bright,Near,4,2,1920,1080,5.950186,2,2,Ameer,-1,0,-1.000000,-1,-1,-1,-1,0.000000,unknown,-1.000000,unknown,-1.000000,-1.000000,unknown,unknown,unknown,0,0,0,0,1,127.120733,0.000000,0.000000,127.120733
Bright_Near_20260114_145957,1768420804.644450,53,Bright,Near,4,2,1920,1080,5.950186,2,3,Sana,-1,0,-1.000000,-1,-1,-1,-1,0.000000,unknown,-1.000000,unknown,-1.000000,-1.000000,unknown,unknown,unknown,0,0,0,0,1,127.120733,0.000000,0.000000,127.120733
Bright_Near_20260114_145957,1768420804.843407,54,Bright,Near,4,2,1920,1080,5.026207,2,0,Fatima,-1,0,-1.000000,-1,-1,-1,-1,0.000000,unknown,-1.000000,unknown,-1.000000,-1.000000,unknown,unknown,unknown,0,0,0,0,1,70.820093,0.000000,0.000000,70.820093
Bright_Near_20260114_145957,1768420804.843407,54,Bright,Near,4,2,1920,1080,5.026207,2,1,Zubair,-1,0,-1.000000,-1,-1,-1,-1,0.000000,unknown,-1.000000,unknown,-1.000000,-1.000000,unknown,unknown,unknown,0,0,0,0,1,70.820093,0.000000,0.000000,70.820093
Bright_Near_20260114_145957,1768420804.843407,54,Bright,Near,4,2,1920,1080,5.026207,2,2,Ameer,-1,0,-1.000000,-1,-1,-1,-1,0.000000,unknown,-1.000000,unknown,-1.000000,-1.000000,unknown,unknown,unknown,0,0,0,0,1,70.820093,0.000000,0.000000,70.820093
Bright_Near_20260114_145957,1768420804.843407,54,Bright,Near,4,2,1920,1080,5.026207,2,3,Sana,-1,0,-1.000000,-1,-1,-1,-1,0.000000,unknown,-1.000000,unknown,-1.000000,-1.000000,unknown,unknown,unknown,0,0,0,0,1,70.820093,0.000000,0.000000,70.820093
Bright_Near_20260114_145957,1768420804.976856,55,Bright,Near,4,2,1920,1080,7.493508,2,0,Fatima,-1,0,-1.000000,-1,-1,-1,-1,0.000000,unknown,-1.000000,unknown,-1.000000,-1.000000,unknown,unknown,unknown,0,0,0,0,1,53.795099,0.000000,0.000000,53.795099
Bright_Near_20260114_145957,1768420804.976856,55,Bright,Near,4,2,1920,1080,7.493508,2,1,Zubair,-1,0,-1.000000,-1,-1,-1,-1,0.000000,unknown,-1.000000,unknown,-1.000000,-1.000000,unknown,unknown,unknown,0,0,0,0,1,53.795099,0.000000,0.000000,53.795099
Bright_Near_20260114_145957,1768420804.976856,55,Bright,Near,4,2,1920,1080,7.493508,2,2,Ameer,-1,0,-1.000000,-1,-1,-1,-1,0.000000,unknown,-1.000000,unknown,-1.000000,-1.000000,unknown,unknown,unknown,0,0,0,0,1,53.795099,0.000000,0.000000,53.795099
Bright_Near_20260114_145957,1768420804.976856,55,Bright,Near,4,2,1920,1080,7.493508,2,3,Sana,-1,0,-1.000000,-1,-1,-1,-1,0.000000,unknown,-1.000000,unknown,-1.000000,-1.000000,unknown,unknown,unknown,0,0,0,0,1,53.795099,0.000000,0.000000,53.795099
Bright_Near_20260114_145957,1768420805.110717,56,Bright,Near,4,2,1920,1080,7.470445,2,0,Fatima,-1,0,-1.000000,-1,-1,-1,-1,0.000000,unknown,-1.000000,unknown,-1.000000,-1.000000,unknown,unknown,unknown,0,0,0,0,1,54.647207,0.000000,0.000000,54.647207
Bright_Near_20260114_145957,1768420805.110717,56,Bright,Near,4,2,1920,1080,7.470445,2,1,Zubair,-1,0,-1.000000,-1,-1,-1,-1,0.000000,unknown,-1.000000,unknown,-1.000000,-1.000000,unknown,unknown,unknown,0,0,0,0,1,54.647207,0.000000,0.000000,54.647207
Bright_Near_20260114_145957,1768420805.110717,56,Bright,Near,4,2,1920,1080,7.470445,2,2,Ameer,-1,0,-1.000000,-1,-1,-1,-1,0.000000,unknown,-1.000000,unknown,-1.000000,-1.000000,unknown,unknown,unknown,0,0,0,0,1,54.647207,0.000000,0.000000,54.647207
Bright_Near_20260114_145957,1768420805.110717,56,Bright,Near,4,2,1920,1080,7.470445,2,3,Sana,-1,0,-1.000000,-1,-1,-1,-1,0.000000,unknown,-1.000000,unknown,-1.000000,-1.000000,unknown,unknown,unknown,0,0,0,0,1,54.647207,0.000000,0.000000,54.647207
Bright_Near_20260114_145957,1768420805.243433,57,Bright,Near,4,2,1920,1080,7.534876,2,0,Fatima,-1,0,-1.000000,-1,-1,-1,-1,0.000000,unknown,-1.000000,unknown,-1.000000,-1.000000,unknown,unknown,unknown,0,0,0,0,1,49.953938,0.000000,0.000000,49.953938
Bright_Near_20260114_145957,1768420805.243433,57,Bright,Near,4,2,1920,1080,7.534876,2,1,Zubair,-1,0,-1.000000,-1,-1,-1,-1,0.000000,unknown,-1.000000,unknown,-1.000000,-1.000000,unknown,unknown,unknown,0,0,0,0,1,49.953938,0.000000,0.000000,49.953938
Bright_Near_20260114_145957,1768420805.243433,57,Bright,Near,4,2,1920,1080,7.534876,2,2,Ameer,-1,0,-1.000000,-1,-1,-1,-1,0.000000,unknown,-1.000000,unknown,-1.000000,-1.000000,unknown,unknown,unknown,0,0,0,0,1,49.953938,0.000000,0.000000,49.953938
Bright_Near_20260114_145957,1768420805.243433,57,Bright,Near,4,2,1920,1080,7.534876,2,3,Sana,-1,0,-1.000000,-1,-1,-1,-1,0.000000,unknown,-1.000000,unknown,-1.000000,-1.000000,unknown,unknown,unknown,0,0,0,0,1,49.953938,0.000000,0.000000,49.953938
Bright_Near_20260114_145957,1768420805.376760,58,Bright,Near,4,2,1920,1080,7.500356,2,0,Fatima,-1,0,-1.000000,-1,-1,-1,-1,0.000000,unknown,-1.000000,unknown,-1.000000,-1.000000,unknown,unknown,unknown,0,0,0,0,1,57.467937,0.000000,0.000000,57.467937
Bright_Near_20260114_145957,1768420805.376760,58,Bright,Near,4,2,1920,1080,7.500356,2,1,Zubair,-1,0,-1.000000,-1,-1,-1,-1,0.000000,unknown,-1.000000,unknown,-1.000000,-1.000000,unknown,unknown,unknown,0,0,0,0,1,57.467937,0.000000,0.000000,57.467937
Bright_Near_20260114_145957,1768420805.376760,58,Bright,Near,4,2,1920,1080,7.500356,2,2,Ameer,-1,0,-1.000000,-1,-1,-1,-1,0.000000,unknown,-1.000000,unknown,-1.000000,-1.000000,unknown,unknown,unknown,0,0,0,0,1,57.467937,0.000000,0.000000,57.467937
Bright_Near_20260114_145957,1768420805.376760,58,Bright,Near,4,2,1920,1080,7.500356,2,3,Sana,-1,0,-1.000000,-1,-1,-1,-1,0.000000,unknown,-1.000000,unknown,-1.000000,-1.000000,unknown,unknown,unknown,0,0,0,0,1,57.467937,0.000000,0.000000,57.467937
Bright_Near_20260114_145957,1768420805.509698,59,Bright,Near,4,2,1920,1080,7.522295,2,0,Fatima,-1,0,-1.000000,-1,-1,-1,-1,0.000000,unknown,-1.000000,unknown,-1.000000,-1.000000,unknown,unknown,unknown,0,0,0,0,1,58.980942,0.000000,0.000000,58.980942
Bright_Near_20260114_145957,1768420805.509698,59,Bright,Near,4,2,1920,1080,7.522295,2,1,Zubair,-1,0,-1.000000,-1,-1,-1,-1,0.000000,unknown,-1.000000,unknown,-1.000000,-1.000000,unknown,unknown,unknown,0,0,0,0,1,58.980942,0.000000,0.000000,58.980942
Bright_Near_20260114_145957,1768420805.509698,59,Bright,Near,4,2,1920,1080,7.522295,2,2,Ameer,-1,0,-1.000000,-1,-1,-1,-1,0.000000,unknown,-1.000000,unknown,-1.000000,-1.000000,unknown,unknown,unknown,0,0,0,0,1,58.980942,0.000000,0.000000,58.980942
Bright_Near_20260114_145957,1768420805.509698,59,Bright,Near,4,2,1920,1080,7.522295,2,3,Sana,-1,0,-1.000000,-1,-1,-1,-1,0.000000,unknown,-1.000000,unknown,-1.000000,-1.000000,unknown,unknown,unknown,0,0,0,0,1,58.980942,0.000000,0.000000,58.980942
Bright_Near_20260114_145957,1768420805.643188,60,Bright,Near,4,2,1920,1080,7.491206,2,0,Fatima,-1,0,-1.000000,-1,-1,-1,-1,0.000000,unknown,-1.000000,unknown,-1.000000,-1.000000,unknown,unknown,unknown,0,0,0,0,1,62.598228,0.000000,0.000000,62.598228
Bright_Near_20260114_145957,1768420805.643188,60,Bright,Near,4,2,1920,1080,7.491206,2,1,Zubair,-1,0,-1.000000,-1,-1,-1,-1,0.000000,unknown,-1.000000,unknown,-1.000000,-1.000000,unknown,unknown,unknown,0,0,0,0,1,62.598228,0.000000,0.000000,62.598228
Bright_Near_20260114_145957,1768420805.643188,60,Bright,Near,4,2,1920,1080,7.491206,2,2,Ameer,-1,0,-1.000000,-1,-1,-1,-1,0.000000,unknown,-1.000000,unknown,-1.000000,-1.000000,unknown,unknown,unknown,0,0,0,0,1,62.598228,0.000000,0.000000,62.598228
Bright_Near_20260114_145957,1768420805.643188,60,Bright,Near,4,2,1920,1080,7.491206,2,3,Sana,-1,0,-1.000000,-1,-1,-1,-1,0.000000,unknown,-1.000000,unknown,-1.000000,-1.000000,unknown,unknown,unknown,0,0,0,0,1,62.598228,0.000000,0.000000,62.598228
Bright_Near_20260114_145957,1768420805.776370,61,Bright,Near,4,2,1920,1080,7.508533,2,0,Fatima,-1,0,-1.000000,-1,-1,-1,-1,0.000000,unknown,-1.000000,unknown,-1.000000,-1.000000,unknown,unknown,unknown,0,0,0,0,1,54.362774,0.000000,0.000000,54.362774
Bright_Near_20260114_145957,1768420805.776370,61,Bright,Near,4,2,1920,1080,7.508533,2,1,Zubair,-1,0,-1.000000,-1,-1,-1,-1,0.000000,unknown,-1.000000,unknown,-1.000000,-1.000000,unknown,unknown,unknown,0,0,0,0,1,54.362774,0.000000,0.000000,54.362774
Bright_Near_20260114_145957,1768420805.776370,61,Bright,Near,4,2,1920,1080,7.508533,2,2,Ameer,-1,0,-1.000000,-1,-1,-1,-1,0.000000,unknown,-1.000000,unknown,-1.000000,-1.000000,unknown,unknown,unknown,0,0,0,0,1,54.362774,0.000000,0.000000,54.362774
Bright_Near_20260114_145957,1768420805.776370,61,Bright,Near,4,2,1920,1080,7.508533,2,3,Sana,-1,0,-1.000000,-1,-1,-1,-1,0.000000,unknown,-1.000000,unknown,-1.000000,-1.000000,unknown,unknown,unknown,0,0,0,0,1,54.362774,0.000000,0.000000,54.362774
Bright_Near_20260114_145957,1768420805.909536,62,Bright,Near,4,2,1920,1080,7.509420,2,0,Fatima,-1,0,-1.000000,-1,-1,-1,-1,0.000000,unknown,-1.000000,unknown,-1.000000,-1.000000,unknown,unknown,unknown,0,0,0,0,1,61.260223,0.000000,0.000000,61.260223
Bright_Near_20260114_145957,1768420805.909536,62,Bright,Near,4,2,1920,1080,7.509420,2,1,Zubair,-1,0,-1.000000,-1,-1,-1,-1,0.000000,unknown,-1.000000,unknown,-1.000000,-1.000000,unknown,unknown,unknown,0,0,0,0,1,61.260223,0.000000,0.000000,61.260223
Bright_Near_20260114_145957,1768420805.909536,62,Bright,Near,4,2,1920,1080,7.509420,2,2,Ameer,-1,0,-1.000000,-1,-1,-1,-1,0.000000,unknown,-1.000000,unknown,-1.000000,-1.000000,unknown,unknown,unknown,0,0,0,0,1,61.260223,0.000000,0.000000,61.260223
Bright_Near_20260114_145957,1768420805.909536,62,Bright,Near,4,2,1920,1080,7.509420,2,3,Sana,-1,0,-1.000000,-1,-1,-1,-1,0.000000,unknown,-1.000000,unknown,-1.000000,-1.000000,unknown,unknown,unknown,0,0,0,0,1,61.260223,0.000000,0.000000,61.260223
Bright_Near_20260114_145957,1768420806.043211,63,Bright,Near,4,2,1920,1080,7.480825,2,0,Fatima,-1,0,-1.000000,-1,-1,-1,-1,0.000000,unknown,-1.000000,unknown,-1.000000,-1.000000,unknown,unknown,unknown,0,0,0,0,1,55.853128,0.000000,0.000000,55.853128
Bright_Near_20260114_145957,1768420806.043211,63,Bright,Near,4,2,1920,1080,7.480825,2,1,Zubair,-1,0,-1.000000,-1,-1,-1,-1,0.000000,unknown,-1.000000,unknown,-1.000000,-1.000000,unknown,unknown,unknown,0,0,0,0,1,55.853128,0.000000,0.000000,55.853128
Bright_Near_20260114_145957,1768420806.043211,63,Bright,Near,4,2,1920,1080,7.480825,2,2,Ameer,-1,0,-1.000000,-1,-1,-1,-1,0.000000,unknown,-1.000000,unknown,-1.000000,-1.000000,unknown,unknown,unknown,0,0,0,0,1,55.853128,0.000000,0.000000,55.853128
Bright_Near_20260114_145957,1768420806.043211,63,Bright,Near,4,2,1920,1080,7.480825,2,3,Sana,-1,0,-1.000000,-1,-1,-1,-1,0.000000,unknown,-1.000000,unknown,-1.000000,-1.000000,unknown,unknown,unknown,0,0,0,0,1,55.853128,0.000000,0.000000,55.853128
Bright_Near_20260114_145957,1768420806.176422,64,Bright,Near,4,2,1920,1080,7.506893,2,0,Fatima,-1,0,-1.000000,-1,-1,-1,-1,0.000000,unknown,-1.000000,unknown,-1.000000,-1.000000,unknown,unknown,unknown,0,0,0,0,1,51.222086,0.000000,0.000000,51.222086
Bright_Near_20260114_145957,1768420806.176422,64,Bright,Near,4,2,1920,1080,7.506893,2,1,Zubair,-1,0,-1.000000,-1,-1,-1,-1,0.000000,unknown,-1.000000,unknown,-1.000000,-1.000000,unknown,unknown,unknown,0,0,0,0,1,51.222086,0.000000,0.000000,51.222086
Bright_Near_20260114_145957,1768420806.176422,64,Bright,Near,4,2,1920,1080,7.506893,2,2,Ameer,-1,0,-1.000000,-1,-1,-1,-1,0.000000,unknown,-1.000000,unknown,-1.000000,-1.000000,unknown,unknown,unknown,0,0,0,0,1,51.222086,0.000000,0.000000,51.222086
Bright_Near_20260114_145957,1768420806.176422,64,Bright,Near,4,2,1920,1080,7.506893,2,3,Sana,-1,0,-1.000000,-1,-1,-1,-1,0.000000,unknown,-1.000000,unknown,-1.000000,-1.000000,unknown,unknown,unknown,0,0,0,0,1,51.222086,0.000000,0.000000,51.222086
Bright_Near_20260114_145957,1768420806.309913,65,Bright,Near,4,2,1920,1080,7.491126,2,0,Fatima,-1,0,-1.000000,-1,-1,-1,-1,0.000000,unknown,-1.000000,unknown,-1.000000,-1.000000,unknown,unknown,unknown,0,0,0,0,1,61.381817,0.000000,0.000000,61.381817
Bright_Near_20260114_145957,1768420806.309913,65,Bright,Near,4,2,1920,1080,7.491126,2,1,Zubair,-1,0,-1.000000,-1,-1,-1,-1,0.000000,unknown,-1.000000,unknown,-1.000000,-1.000000,unknown,unknown,unknown,0,0,0,0,1,61.381817,0.000000,0.000000,61.381817
Bright_Near_20260114_145957,1768420806.309913,65,Bright,Near,4,2,1920,1080,7.491126,2,2,Ameer,-1,0,-1.000000,-1,-1,-1,-1,0.000000,unknown,-1.000000,unknown,-1.000000,-1.000000,unknown,unknown,unknown,0,0,0,0,1,61.381817,0.000000,0.000000,61.381817
Bright_Near_20260114_145957,1768420806.309913,65,Bright,Near,4,2,1920,1080,7.491126,2,3,Sana,-1,0,-1.000000,-1,-1,-1,-1,0.000000,unknown,-1.000000,unknown,-1.000000,-1.000000,unknown,unknown,unknown,0,0,0,0,1,61.381817,0.000000,0.000000,61.381817
Bright_Near_20260114_145957,1768420806.442233,66,Bright,Near,4,2,1920,1080,7.557441,2,0,Fatima,-1,0,-1.000000,-1,-1,-1,-1,0.000000,unknown,-1.000000,unknown,-1.000000,-1.000000,unknown,unknown,unknown,0,0,0,0,1,65.115929,0.000000,0.000000,65.115929
Bright_Near_20260114_145957,1768420806.442233,66,Bright,Near,4,2,1920,1080,7.557441,2,1,Zubair,-1,0,-1.000000,-1,-1,-1,-1,0.000000,unknown,-1.000000,unknown,-1.000000,-1.000000,unknown,unknown,unknown,0,0,0,0,1,65.115929,0.000000,0.000000,65.115929
Bright_Near_20260114_145957,1768420806.442233,66,Bright,Near,4,2,1920,1080,7.557441,2,2,Ameer,-1,0,-1.000000,-1,-1,-1,-1,0.000000,unknown,-1.000000,unknown,-1.000000,-1.000000,unknown,unknown,unknown,0,0,0,0,1,65.115929,0.000000,0.000000,65.115929
Bright_Near_20260114_145957,1768420806.442233,66,Bright,Near,4,2,1920,1080,7.557441,2,3,Sana,-1,0,-1.000000,-1,-1,-1,-1,0.000000,unknown,-1.000000,unknown,-1.000000,-1.000000,unknown,unknown,unknown,0,0,0,0,1,65.115929,0.000000,0.000000,65.115929
Bright_Near_20260114_145957,1768420806.575663,67,Bright,Near,4,2,1920,1080,7.494566,2,0,Fatima,-1,0,-1.000000,-1,-1,-1,-1,0.000000,unknown,-1.000000,unknown,-1.000000,-1.000000,unknown,unknown,unknown,0,0,0,0,1,58.373213,0.000000,0.000000,58.373213
Bright_Near_20260114_145957,1768420806.575663,67,Bright,Near,4,2,1920,1080,7.494566,2,1,Zubair,-1,0,-1.000000,-1,-1,-1,-1,0.000000,unknown,-1.000000,unknown,-1.000000,-1.000000,unknown,unknown,unknown,0,0,0,0,1,58.373213,0.000000,0.000000,58.373213
Bright_Near_20260114_145957,1768420806.575663,67,Bright,Near,4,2,1920,1080,7.494566,2,2,Ameer,-1,0,-1.000000,-1,-1,-1,-1,0.000000,unknown,-1.000000,unknown,-1.000000,-1.000000,unknown,unknown,unknown,0,0,0,0,1,58.373213,0.000000,0.000000,58.373213
Bright_Near_20260114_145957,1768420806.575663,67,Bright,Near,4,2,1920,1080,7.494566,2,3,Sana,-1,0,-1.000000,-1,-1,-1,-1,0.000000,unknown,-1.000000,unknown,-1.000000,-1.000000,unknown,unknown,unknown,0,0,0,0,1,58.373213,0.000000,0.000000,58.373213
Bright_Near_20260114_145957,1768420806.709608,68,Bright,Near,4,2,1920,1080,7.465765,2,0,Fatima,-1,0,-1.000000,-1,-1,-1,-1,0.000000,unknown,-1.000000,unknown,-1.000000,-1.000000,unknown,unknown,unknown,0,0,0,0,1,54.033995,0.000000,0.000000,54.033995
Bright_Near_20260114_145957,1768420806.709608,68,Bright,Near,4,2,1920,1080,7.465765,2,1,Zubair,-1,0,-1.000000,-1,-1,-1,-1,0.000000,unknown,-1.000000,unknown,-1.000000,-1.000000,unknown,unknown,unknown,0,0,0,0,1,54.033995,0.000000,0.000000,54.033995
Bright_Near_20260114_145957,1768420806.709608,68,Bright,Near,4,2,1920,1080,7.465765,2,2,Ameer,-1,0,-1.000000,-1,-1,-1,-1,0.000000,unknown,-1.000000,unknown,-1.000000,-1.000000,unknown,unknown,unknown,0,0,0,0,1,54.033995,0.000000,0.000000,54.033995
Bright_Near_20260114_145957,1768420806.709608,68,Bright,Near,4,2,1920,1080,7.465765,2,3,Sana,-1,0,-1.000000,-1,-1,-1,-1,0.000000,unknown,-1.000000,unknown,-1.000000,-1.000000,unknown,unknown,unknown,0,0,0,0,1,54.033995,0.000000,0.000000,54.033995
Bright_Near_20260114_145957,1768420806.843858,69,Bright,Near,4,2,1920,1080,7.448780,2,0,Fatima,-1,0,-1.000000,-1,-1,-1,-1,0.000000,unknown,-1.000000,unknown,-1.000000,-1.000000,unknown,unknown,unknown,0,0,0,0,1,61.194181,0.000000,0.000000,61.194181
Bright_Near_20260114_145957,1768420806.843858,69,Bright,Near,4,2,1920,1080,7.448780,2,1,Zubair,-1,0,-1.000000,-1,-1,-1,-1,0.000000,unknown,-1.000000,unknown,-1.000000,-1.000000,unknown,unknown,unknown,0,0,0,0,1,61.194181,0.000000,0.000000,61.194181
Bright_Near_20260114_145957,1768420806.843858,69,Bright,Near,4,2,1920,1080,7.448780,2,2,Ameer,-1,0,-1.000000,-1,-1,-1,-1,0.000000,unknown,-1.000000,unknown,-1.000000,-1.000000,unknown,unknown,unknown,0,0,0,0,1,61.194181,0.000000,0.000000,61.194181
Bright_Near_20260114_145957,1768420806.843858,69,Bright,Near,4,2,1920,1080,7.448780,2,3,Sana,-1,0,-1.000000,-1,-1,-1,-1,0.000000,unknown,-1.000000,unknown,-1.000000,-1.000000,unknown,unknown,unknown,0,0,0,0,1,61.194181,0.000000,0.000000,61.194181
Bright_Near_20260114_145957,1768420806.977396,70,Bright,Near,4,2,1920,1080,7.488505,2,0,Fatima,-1,0,-1.000000,-1,-1,-1,-1,0.000000,unknown,-1.000000,unknown,-1.000000,-1.000000,unknown,unknown,unknown,0,0,0,0,1,53.188801,0.000000,0.000000,53.188801
Bright_Near_20260114_145957,1768420806.977396,70,Bright,Near,4,2,1920,1080,7.488505,2,1,Zubair,-1,0,-1.000000,-1,-1,-1,-1,0.000000,unknown,-1.000000,unknown,-1.000000,-1.000000,unknown,unknown,unknown,0,0,0,0,1,53.188801,0.000000,0.000000,53.188801
Bright_Near_20260114_145957,1768420806.977396,70,Bright,Near,4,2,1920,1080,7.488505,2,2,Ameer,-1,0,-1.000000,-1,-1,-1,-1,0.000000,unknown,-1.000000,unknown,-1.000000,-1.000000,unknown,unknown,unknown,0,0,0,0,1,53.188801,0.000000,0.000000,53.188801
Bright_Near_20260114_145957,1768420806.977396,70,Bright,Near,4,2,1920,1080,7.488505,2,3,Sana,-1,0,-1.000000,-1,-1,-1,-1,0.000000,unknown,-1.000000,unknown,-1.000000,-1.000000,unknown,unknown,unknown,0,0,0,0,1,53.188801,0.000000,0.000000,53.188801
Bright_Near_20260114_145957,1768420807.111946,71,Bright,Near,4,2,1920,1080,7.432189,2,0,Fatima,53,1,0.718508,2.966020,614.907043,68.051125,834.744995,14308.176049,Fatima,0.502328,T_1,0.361085,0.141243,unknown,unknown,unknown,0,0,0,0,0,54.947138,55.907011,0.072956,110.927105
Bright_Near_20260114_145957,1768420807.111946,71,Bright,Near,4,2,1920,1080,7.432189,2,1,Zubair,-1,0,-1.000000,-1,-1,-1,-1,0.000000,unknown,-1.000000,unknown,-1.000000,-1.000000,unknown,unknown,unknown,0,0,0,0,1,54.947138,0.000000,0.000000,54.947138
Bright_Near_20260114_145957,1768420807.111946,71,Bright,Near,4,2,1920,1080,7.432189,2,2,Ameer,-1,0,-1.000000,-1,-1,-1,-1,0.000000,unknown,-1.000000,unknown,-1.000000,-1.000000,unknown,unknown,unknown,0,0,0,0,1,54.947138,0.000000,0.000000,54.947138
Bright_Near_20260114_145957,1768420807.111946,71,Bright,Near,4,2,1920,1080,7.432189,2,3,Sana,-1,0,-1.000000,-1,-1,-1,-1,0.000000,unknown,-1.000000,unknown,-1.000000,-1.000000,unknown,unknown,unknown,0,0,0,0,1,54.947138,0.000000,0.000000,54.947138
Bright_Near_20260114_145957,1768420807.316020,72,Bright,Near,4,2,1920,1080,4.900180,2,0,Fatima,-1,0,-1.000000,-1,-1,-1,-1,0.000000,unknown,-1.000000,unknown,-1.000000,-1.000000,unknown,unknown,unknown,0,0,0,0,1,62.401056,0.000000,0.000000,62.401056
Bright_Near_20260114_145957,1768420807.316020,72,Bright,Near,4,2,1920,1080,4.900180,2,1,Zubair,-1,0,-1.000000,-1,-1,-1,-1,0.000000,unknown,-1.000000,unknown,-1.000000,-1.000000,unknown,unknown,unknown,0,0,0,0,1,62.401056,0.000000,0.000000,62.401056
Bright_Near_20260114_145957,1768420807.316020,72,Bright,Near,4,2,1920,1080,4.900180,2,2,Ameer,-1,0,-1.000000,-1,-1,-1,-1,0.000000,unknown,-1.000000,unknown,-1.000000,-1.000000,unknown,unknown,unknown,0,0,0,0,1,62.401056,0.000000,0.000000,62.401056
Bright_Near_20260114_145957,1768420807.316020,72,Bright,Near,4,2,1920,1080,4.900180,2,3,Sana,-1,0,-1.000000,-1,-1,-1,-1,0.000000,unknown,-1.000000,unknown,-1.000000,-1.000000,unknown,unknown,unknown,0,0,0,0,1,62.401056,0.000000,0.000000,62.401056
Bright_Near_20260114_145957,1768420807.443593,73,Bright,Near,4,2,1920,1080,7.838648,2,0,Fatima,-1,0,-1.000000,-1,-1,-1,-1,0.000000,unknown,-1.000000,unknown,-1.000000,-1.000000,unknown,unknown,unknown,0,0,0,0,1,72.154045,0.000000,0.000000,72.154045
Bright_Near_20260114_145957,1768420807.443593,73,Bright,Near,4,2,1920,1080,7.838648,2,1,Zubair,-1,0,-1.000000,-1,-1,-1,-1,0.000000,unknown,-1.000000,unknown,-1.000000,-1.000000,unknown,unknown,unknown,0,0,0,0,1,72.154045,0.000000,0.000000,72.154045
Bright_Near_20260114_145957,1768420807.443593,73,Bright,Near,4,2,1920,1080,7.838648,2,2,Ameer,-1,0,-1.000000,-1,-1,-1,-1,0.000000,unknown,-1.000000,unknown,-1.000000,-1.000000,unknown,unknown,unknown,0,0,0,0,1,72.154045,0.000000,0.000000,72.154045
Bright_Near_20260114_145957,1768420807.443593,73,Bright,Near,4,2,1920,1080,7.838648,2,3,Sana,-1,0,-1.000000,-1,-1,-1,-1,0.000000,unknown,-1.000000,unknown,-1.000000,-1.000000,unknown,unknown,unknown,0,0,0,0,1,72.154045,0.000000,0.000000,72.154045
